t_s,frame,key,value
0.0787,A,mrac.pitch.e,0.33719701
0.0787,A,mrac.pitch.u_ad,-0.07953921
0.0787,A,mrac.roll.e,0.072969578
0.0787,A,mrac.roll.u_ad,0.01431153
0.0787,A,mrac.yaw.e,0.11360242
0.0787,A,mrac.yaw.u_ad,-0.011407957
0.0787,A,mrac.z.e,0.27284315
0.0787,A,mrac.z.u_ad,-0.14961863
0.0787,A,status.arm,1
0.0787,A,status.flymode,1
0.0787,A,status.rc_authority,1
0.0787,A,status.sbus_lost,0
0.0787,A,status.twc_arrived,0
0.0787,A,status.twc_execute,1
0.0788,B,mrac.pitch.theta_0,0.0021032265
0.0788,B,mrac.pitch.theta_1,0.00046280623
0.0788,B,mrac.pitch.theta_2,0.0021581217
0.0788,B,mrac.pitch.theta_3,0.0029288521
0.0788,B,mrac.pitch.theta_4,0.19167772
0.0788,B,mrac.pitch.theta_5,0.14187723
0.0788,B,mrac.pitch.u_nom,-0.10636009
0.0788,B,mrac.pitch.xm,-0.13540581
0.0788,B,mrac.roll.theta_0,0.015832484
0.0788,B,mrac.roll.theta_1,3.2998374e-05
0.0788,B,mrac.roll.theta_2,0.0031318362
0.0788,B,mrac.roll.theta_3,0.0027307945
0.0788,B,mrac.roll.theta_4,0.18962029
0.0788,B,mrac.roll.theta_5,0.13157825
0.0788,B,mrac.roll.u_nom,0.11870816
0.0788,B,mrac.roll.xm,-0.015131193
0.0788,B,mrac.yaw.theta_0,1.3069616e-12
0.0788,B,mrac.yaw.theta_1,0.0011078907
0.0788,B,mrac.yaw.theta_2,0.0020850811
0.0788,B,mrac.yaw.theta_3,0
0.0788,B,mrac.yaw.theta_4,0.11305059
0.0788,B,mrac.yaw.theta_5,0.087066054
0.0788,B,mrac.yaw.u_nom,-0.033783942
0.0788,B,mrac.yaw.xm,-0.10380764
0.0788,B,mrac.z.theta_0,1.7179481e-24
0.0788,B,mrac.z.theta_1,0.0098844571
0.0788,B,mrac.z.theta_2,0.00047643264
0.0788,B,mrac.z.theta_3,0
0.0788,B,mrac.z.theta_4,0.19928613
0.0788,B,mrac.z.theta_5,0.19864169
0.0788,B,mrac.z.u_nom,-0.75119674
0.0788,B,mrac.z.xm,-0.22661801
0.0788,B,path.active_path_mode,1
0.0788,B,path.circle_theta,0
0.0788,B,path.sinusoid_t_elapsed,0
0.0788,B,path.twc_arrived,0
0.0788,B,path.twc_target_x,50
0.0788,B,path.twc_target_y,-9.999999
0.0788,B,path.twc_target_z,0.69999999
0.0788,B,pid.gyrox.Des,-0.86695313
0.0788,B,pid.gyrox.FB,-7.2027006
0.0788,B,pid.gyrox.U,138.88855
0.0788,B,pid.gyroy.Des,-7.7581778
0.0788,B,pid.gyroy.FB,7.2235918
0.0788,B,pid.gyroy.U,-124.4413
0.0788,B,pid.gyroz.Des,-5.9477367
0.0788,B,pid.gyroz.FB,1.6858696
0.0788,B,pid.gyroz.U,-63.243538
0.0788,B,pid.locx.Des,50
0.0788,B,pid.locx.FB,36.467953
0.0788,B,pid.locx.U,12.829638
0.0788,B,pid.locxs.Des,12.829638
0.0788,B,pid.locxs.FB,-0.02296648
0.0788,B,pid.locxs.U,38.549408
0.0788,B,pid.locy.Des,-9.999999
0.0788,B,pid.locy.FB,10.522063
0.0788,B,pid.locy.U,-18.417696
0.0788,B,pid.locys.Des,-18.417696
0.0788,B,pid.locys.FB,-1.9998682
0.0788,B,pid.locys.U,-49.253368
0.0788,B,pid.pitch.Des,-2.8474641
0.0788,B,pid.pitch.FB,-0.44039291
0.0788,B,pid.pitch.U,-7.7581778
0.0788,B,pid.roll.Des,-2.2838857
0.0788,B,pid.roll.FB,-2.0291452
0.0788,B,pid.roll.U,-0.86695313
0.0788,B,pid.yaw.Des,0
0.0788,B,pid.yaw.FB,0.65795612
0.0788,B,pid.yaw.U,-5.9477367
0.0788,B,pid.z_pos.Des,0.69999999
0.0788,B,pid.z_pos.FB,0.81946164
0.0788,B,pid.z_pos.U,-0.22661801
0.0788,B,pid.z_rate.Des,-0.22661801
0.0788,B,pid.z_rate.FB,0.17462312
0.0788,B,pid.z_rate.U,-166.76567
0.2954,A,mrac.pitch.e,0.17371194
0.2954,A,mrac.pitch.u_ad,-0.011920216
0.2954,A,mrac.roll.e,-0.046091232
0.2954,A,mrac.roll.u_ad,0.015273203
0.2954,A,mrac.yaw.e,0.066834033
0.2954,A,mrac.yaw.u_ad,-0.0092120757
0.2954,A,mrac.z.e,0.32714835
0.2954,A,mrac.z.u_ad,-0.17124477
0.2954,A,status.arm,1
0.2954,A,status.flymode,1
0.2954,A,status.rc_authority,1
0.2954,A,status.sbus_lost,0
0.2954,A,status.twc_arrived,0
0.2954,A,status.twc_execute,1
0.2956,B,mrac.pitch.theta_0,0.012784498
0.2956,B,mrac.pitch.theta_1,0.00061961985
0.2956,B,mrac.pitch.theta_2,0.0023352832
0.2956,B,mrac.pitch.theta_3,0.0029293878
0.2956,B,mrac.pitch.theta_4,0.19168127
0.2956,B,mrac.pitch.theta_5,0.1416872
0.2956,B,mrac.pitch.u_nom,-0.07911732
0.2956,B,mrac.pitch.xm,-0.19313361
0.2956,B,mrac.roll.theta_0,0.015477733
0.2956,B,mrac.roll.theta_1,3.2268726e-05
0.2956,B,mrac.roll.theta_2,0.0031301696
0.2956,B,mrac.roll.theta_3,0.0027333049
0.2956,B,mrac.roll.theta_4,0.18961257
0.2956,B,mrac.roll.theta_5,0.13156444
0.2956,B,mrac.roll.u_nom,0.056868501
0.2956,B,mrac.roll.xm,-0.013238938
0.2956,B,mrac.yaw.theta_0,8.6209821e-13
0.2956,B,mrac.yaw.theta_1,0.0011068475
0.2956,B,mrac.yaw.theta_2,0.0020844194
0.2956,B,mrac.yaw.theta_3,0
0.2956,B,mrac.yaw.theta_4,0.11304507
0.2956,B,mrac.yaw.theta_5,0.087067626
0.2956,B,mrac.yaw.u_nom,-0.032061681
0.2956,B,mrac.yaw.xm,-0.089829691
0.2956,B,mrac.z.theta_0,1.2572231e-24
0.2956,B,mrac.z.theta_1,0.0093748774
0.2956,B,mrac.z.theta_2,0.0004752198
0.2956,B,mrac.z.theta_3,0
0.2956,B,mrac.z.theta_4,0.19930702
0.2956,B,mrac.z.theta_5,0.19864967
0.2956,B,mrac.z.u_nom,-0.46975434
0.2956,B,mrac.z.xm,-0.23888288
0.2956,B,path.active_path_mode,1
0.2956,B,path.circle_theta,0
0.2956,B,path.sinusoid_t_elapsed,0
0.2956,B,path.twc_arrived,0
0.2956,B,path.twc_target_x,50
0.2956,B,path.twc_target_y,-59.999996
0.2956,B,path.twc_target_z,0.69999999
0.2956,B,pid.gyrox.Des,-0.75853491
0.2956,B,pid.gyrox.FB,-1.5563505
0.2956,B,pid.gyrox.U,66.536148
0.2956,B,pid.gyroy.Des,-11.065736
0.2956,B,pid.gyroy.FB,3.3354819
0.2956,B,pid.gyroy.U,-92.567261
0.2956,B,pid.gyroz.Des,-5.1468601
0.2956,B,pid.gyroz.FB,2.0887027
0.2956,B,pid.gyroz.U,-60.01947
0.2956,B,pid.locx.Des,50
0.2956,B,pid.locx.FB,37.000881
0.2956,B,pid.locx.U,12.292856
0.2956,B,pid.locxs.Des,12.292856
0.2956,B,pid.locxs.FB,1.9266865
0.2956,B,pid.locxs.U,31.0502
0.2956,B,pid.locy.Des,-59.999996
0.2956,B,pid.locy.FB,10.307185
0.2956,B,pid.locy.U,-58.084736
0.2956,B,pid.locys.Des,-58.084736
0.2956,B,pid.locys.FB,-8.017972
0.2956,B,pid.locys.U,-137.87125
0.2956,B,pid.pitch.Des,-7.9826365
0.2956,B,pid.pitch.FB,-4.5030231
0.2956,B,pid.pitch.U,-11.065736
0.2956,B,pid.roll.Des,-1.8812779
0.2956,B,pid.roll.FB,-1.7056364
0.2956,B,pid.roll.U,-0.75853491
0.2956,B,pid.yaw.Des,0
0.2956,B,pid.yaw.FB,0.52447665
0.2956,B,pid.yaw.U,-5.1468601
0.2956,B,pid.z_pos.Des,0.69999999
0.2956,B,pid.z_pos.FB,0.82707137
0.2956,B,pid.z_pos.U,-0.23888288
0.2956,B,pid.z_rate.Des,-0.23888288
0.2956,B,pid.z_rate.FB,0.0061576832
0.2956,B,pid.z_rate.U,-104.28546
0.4950,A,mrac.pitch.e,0.32467511
0.4950,A,mrac.pitch.u_ad,-0.043967284
0.4950,A,mrac.roll.e,-0.18028973
0.4950,A,mrac.roll.u_ad,0.037121125
0.4950,A,mrac.yaw.e,0.13130896
0.4950,A,mrac.yaw.u_ad,-0.012844654
0.4950,A,mrac.z.e,0.20734075
0.4950,A,mrac.z.u_ad,-0.12807053
0.4950,A,status.arm,1
0.4950,A,status.flymode,1
0.4950,A,status.rc_authority,1
0.4950,A,status.sbus_lost,0
0.4950,A,status.twc_arrived,0
0.4950,A,status.twc_execute,1
0.4952,B,mrac.pitch.theta_0,0.0068528163
0.4952,B,mrac.pitch.theta_1,0.00063170854
0.4952,B,mrac.pitch.theta_2,0.0023309877
0.4952,B,mrac.pitch.theta_3,0.0029286863
0.4952,B,mrac.pitch.theta_4,0.19168133
0.4952,B,mrac.pitch.theta_5,0.14173785
0.4952,B,mrac.pitch.u_nom,-0.13271701
0.4952,B,mrac.pitch.xm,-0.097594067
0.4952,B,mrac.roll.theta_0,0.015311666
0.4952,B,mrac.roll.theta_1,3.1690808e-05
0.4952,B,mrac.roll.theta_2,0.0031306334
0.4952,B,mrac.roll.theta_3,0.002733215
0.4952,B,mrac.roll.theta_4,0.18960933
0.4952,B,mrac.roll.theta_5,0.13155542
0.4952,B,mrac.roll.u_nom,-0.008016225
0.4952,B,mrac.roll.xm,-0.017741419
0.4952,B,mrac.yaw.theta_0,5.7202507e-13
0.4952,B,mrac.yaw.theta_1,0.0011056424
0.4952,B,mrac.yaw.theta_2,0.0020834887
0.4952,B,mrac.yaw.theta_3,0
0.4952,B,mrac.yaw.theta_4,0.11303965
0.4952,B,mrac.yaw.theta_5,0.087069057
0.4952,B,mrac.yaw.u_nom,-0.015390498
0.4952,B,mrac.yaw.xm,-0.095421501
0.4952,B,mrac.z.theta_0,1.0304563e-24
0.4952,B,mrac.z.theta_1,0.00911301
0.4952,B,mrac.z.theta_2,0.00047396592
0.4952,B,mrac.z.theta_3,0
0.4952,B,mrac.z.theta_4,0.19931953
0.4952,B,mrac.z.theta_5,0.19865386
0.4952,B,mrac.z.u_nom,-0.20461686
0.4952,B,mrac.z.xm,-0.23828381
0.4952,B,path.active_path_mode,1
0.4952,B,path.circle_theta,0
0.4952,B,path.sinusoid_t_elapsed,0
0.4952,B,path.twc_arrived,0
0.4952,B,path.twc_target_x,50
0.4952,B,path.twc_target_y,-59.999996
0.4952,B,path.twc_target_z,0.69999999
0.4952,B,pid.gyrox.Des,-1.016508
0.4952,B,pid.gyrox.FB,3.3949072
0.4952,B,pid.gyrox.U,-9.3789835
0.4952,B,pid.gyroy.Des,-5.5917258
0.4952,B,pid.gyroy.FB,4.33285
0.4952,B,pid.gyroy.U,-155.2789
0.4952,B,pid.gyroz.Des,-5.467247
0.4952,B,pid.gyroz.FB,-2.1121569
0.4952,B,pid.gyroz.U,-28.811012
0.4952,B,pid.locx.Des,50
0.4952,B,pid.locx.FB,37.458488
0.4952,B,pid.locx.U,11.967124
0.4952,B,pid.locxs.Des,11.967124
0.4952,B,pid.locxs.FB,1.8082713
0.4952,B,pid.locxs.U,30.432329
0.4952,B,pid.locy.Des,-59.999996
0.4952,B,pid.locy.FB,8.398035
0.4952,B,pid.locy.U,-56.141724
0.4952,B,pid.locys.Des,-56.141724
0.4952,B,pid.locys.FB,-19.019207
0.4952,B,pid.locys.U,-104.36101
0.4952,B,pid.pitch.Des,-6.0540905
0.4952,B,pid.pitch.FB,-4.1267142
0.4952,B,pid.pitch.U,-5.5917258
0.4952,B,pid.roll.Des,-1.8340328
0.4952,B,pid.roll.FB,-1.6026098
0.4952,B,pid.roll.U,-1.016508
0.4952,B,pid.yaw.Des,0
0.4952,B,pid.yaw.FB,0.57787454
0.4952,B,pid.yaw.U,-5.467247
0.4952,B,pid.z_pos.Des,0.69999999
0.4952,B,pid.z_pos.FB,0.82752424
0.4952,B,pid.z_pos.U,-0.23828381
0.4952,B,pid.z_rate.Des,-0.23828381
0.4952,B,pid.z_rate.FB,-0.14069672
0.4952,B,pid.z_rate.U,-45.424942
0.6969,A,mrac.pitch.e,0.34727046
0.6969,A,mrac.pitch.u_ad,-0.034513302
0.6969,A,mrac.roll.e,0.08956489
0.6969,A,mrac.roll.u_ad,0.0011445582
0.6969,A,mrac.yaw.e,0.14004402
0.6969,A,mrac.yaw.u_ad,-0.013053507
0.6969,A,mrac.z.e,0.22758645
0.6969,A,mrac.z.u_ad,-0.13399422
0.6969,A,status.arm,1
0.6969,A,status.flymode,1
0.6969,A,status.rc_authority,1
0.6969,A,status.sbus_lost,0
0.6969,A,status.twc_arrived,0
0.6969,A,status.twc_execute,1
0.6970,B,mrac.pitch.theta_0,0.0045105438
0.6970,B,mrac.pitch.theta_1,0.00058567309
0.6970,B,mrac.pitch.theta_2,0.0023100553
0.6970,B,mrac.pitch.theta_3,0.0029305303
0.6970,B,mrac.pitch.theta_4,0.19168228
0.6970,B,mrac.pitch.theta_5,0.1417345
0.6970,B,mrac.pitch.u_nom,-0.1631626
0.6970,B,mrac.pitch.xm,-0.030191803
0.6970,B,mrac.roll.theta_0,0.0142062
0.6970,B,mrac.roll.theta_1,3.2107862e-05
0.6970,B,mrac.roll.theta_2,0.0031299763
0.6970,B,mrac.roll.theta_3,0.0027349405
0.6970,B,mrac.roll.theta_4,0.18961188
0.6970,B,mrac.roll.theta_5,0.13154992
0.6970,B,mrac.roll.u_nom,0.11187764
0.6970,B,mrac.roll.xm,-0.028809587
0.6970,B,mrac.yaw.theta_0,2.7498471e-13
0.6970,B,mrac.yaw.theta_1,0.0011055763
0.6970,B,mrac.yaw.theta_2,0.0020818664
0.6970,B,mrac.yaw.theta_3,0
0.6970,B,mrac.yaw.theta_4,0.11303244
0.6970,B,mrac.yaw.theta_5,0.087075576
0.6970,B,mrac.yaw.u_nom,-0.038942993
0.6970,B,mrac.yaw.xm,-0.097964436
0.6970,B,mrac.z.theta_0,8.3815682e-25
0.6970,B,mrac.z.theta_1,0.0095434338
0.6970,B,mrac.z.theta_2,0.0004736025
0.6970,B,mrac.z.theta_3,0
0.6970,B,mrac.z.theta_4,0.19930178
0.6970,B,mrac.z.theta_5,0.19864224
0.6970,B,mrac.z.u_nom,-0.41744259
0.6970,B,mrac.z.xm,-0.23334728
0.6970,B,path.active_path_mode,1
0.6970,B,path.circle_theta,0
0.6970,B,path.sinusoid_t_elapsed,0
0.6970,B,path.twc_arrived,0
0.6970,B,path.twc_target_x,50
0.6970,B,path.twc_target_y,-59.999996
0.6970,B,path.twc_target_z,0.69999999
0.6970,B,pid.gyrox.Des,-1.6506671
0.6970,B,pid.gyrox.FB,-6.3643532
0.6970,B,pid.gyrox.U,130.89684
0.6970,B,pid.gyroy.Des,-1.7298622
0.6970,B,pid.gyroy.FB,15.318543
0.6970,B,pid.gyroy.U,-190.90024
0.6970,B,pid.gyroz.Des,-5.6129465
0.6970,B,pid.gyroz.FB,3.2465219
0.6970,B,pid.gyroz.U,-72.901283
0.6970,B,pid.locx.Des,50
0.6970,B,pid.locx.FB,37.51849
0.6970,B,pid.locx.U,11.996661
0.6970,B,pid.locxs.Des,11.996661
0.6970,B,pid.locxs.FB,-0.35732073
0.6970,B,pid.locxs.U,36.999985
0.6970,B,pid.locy.Des,-59.999996
0.6970,B,pid.locy.FB,2.2821102
0.6970,B,pid.locy.U,-50.709751
0.6970,B,pid.locys.Des,-50.709751
0.6970,B,pid.locys.FB,-33.998123
0.6970,B,pid.locys.U,-48.646179
0.6970,B,pid.pitch.Des,-2.8158689
0.6970,B,pid.pitch.FB,-2.205668
0.6970,B,pid.pitch.U,-1.7298622
0.6970,B,pid.roll.Des,-2.1888027
0.6970,B,pid.roll.FB,-1.6452259
0.6970,B,pid.roll.U,-1.6506671
0.6970,B,pid.yaw.Des,0
0.6970,B,pid.yaw.FB,0.60215771
0.6970,B,pid.yaw.U,-5.6129465
0.6970,B,pid.z_pos.Des,0.69999999
0.6970,B,pid.z_pos.FB,0.81905472
0.6970,B,pid.z_pos.U,-0.23334728
0.6970,B,pid.z_rate.Des,-0.23334728
0.6970,B,pid.z_rate.FB,-0.017914414
0.6970,B,pid.z_rate.U,-92.672256
0.9118,A,mrac.pitch.e,0.11162423
0.9118,A,mrac.pitch.u_ad,-0.01014372
0.9118,A,mrac.roll.e,0.10912753
0.9118,A,mrac.roll.u_ad,0.00088414969
0.9118,A,mrac.yaw.e,0.13451514
0.9118,A,mrac.yaw.u_ad,-0.013462415
0.9118,A,mrac.z.e,0.3380363
0.9118,A,mrac.z.u_ad,-0.17413864
0.9118,A,status.arm,1
0.9118,A,status.flymode,1
0.9118,A,status.rc_authority,1
0.9118,A,status.sbus_lost,0
0.9118,A,status.twc_arrived,0
0.9118,A,status.twc_execute,1
0.9119,B,mrac.pitch.theta_0,0.0021479398
0.9119,B,mrac.pitch.theta_1,0.00054054213
0.9119,B,mrac.pitch.theta_2,0.0022856314
0.9119,B,mrac.pitch.theta_3,0.0029304721
0.9119,B,mrac.pitch.theta_4,0.19167995
0.9119,B,mrac.pitch.theta_5,0.14172083
0.9119,B,mrac.pitch.u_nom,0.063097022
0.9119,B,mrac.pitch.xm,-0.043748476
0.9119,B,mrac.roll.theta_0,0.015443811
0.9119,B,mrac.roll.theta_1,3.1676864e-05
0.9119,B,mrac.roll.theta_2,0.0031316117
0.9119,B,mrac.roll.theta_3,0.0027347708
0.9119,B,mrac.roll.theta_4,0.18960771
0.9119,B,mrac.roll.theta_5,0.13153861
0.9119,B,mrac.roll.u_nom,-0.086725049
0.9119,B,mrac.roll.xm,-0.013248196
0.9119,B,mrac.yaw.theta_0,1.6343555e-13
0.9119,B,mrac.yaw.theta_1,0.0011028938
0.9119,B,mrac.yaw.theta_2,0.0020809551
0.9119,B,mrac.yaw.theta_3,0
0.9119,B,mrac.yaw.theta_4,0.1130275
0.9119,B,mrac.yaw.theta_5,0.08707995
0.9119,B,mrac.yaw.u_nom,-0.040374912
0.9119,B,mrac.yaw.xm,-0.10660174
0.9119,B,mrac.z.theta_0,7.0615643e-25
0.9119,B,mrac.z.theta_1,0.0095583024
0.9119,B,mrac.z.theta_2,0.00047356615
0.9119,B,mrac.z.theta_3,0
0.9119,B,mrac.z.theta_4,0.19929911
0.9119,B,mrac.z.theta_5,0.19864
0.9119,B,mrac.z.u_nom,-0.45265579
0.9119,B,mrac.z.xm,-0.23370212
0.9119,B,path.active_path_mode,1
0.9119,B,path.circle_theta,0
0.9119,B,path.sinusoid_t_elapsed,0
0.9119,B,path.twc_arrived,0
0.9119,B,path.twc_target_x,50
0.9119,B,path.twc_target_y,-59.999996
0.9119,B,path.twc_target_z,0.69999999
0.9119,B,pid.gyrox.Des,-0.75906539
0.9119,B,pid.gyrox.FB,7.5349436
0.9119,B,pid.gyrox.U,-101.46831
0.9119,B,pid.gyroy.Des,-2.506602
0.9119,B,pid.gyroy.FB,1.595911
0.9119,B,pid.gyroy.U,73.823517
0.9119,B,pid.gyroz.Des,-6.1078272
0.9119,B,pid.gyroz.FB,3.0811596
0.9119,B,pid.gyroz.U,-75.581833
0.9119,B,pid.locx.Des,50
0.9119,B,pid.locx.FB,37.466255
0.9119,B,pid.locx.U,12.004611
0.9119,B,pid.locxs.Des,12.004611
0.9119,B,pid.locxs.FB,-0.46600682
0.9119,B,pid.locxs.U,37.162498
0.9119,B,pid.locy.Des,-59.999996
0.9119,B,pid.locy.FB,-3.4326684
0.9119,B,pid.locy.U,-45.773502
0.9119,B,pid.locys.Des,-45.773502
0.9119,B,pid.locys.FB,-38.997215
0.9119,B,pid.locys.U,-18.549854
0.9119,B,pid.pitch.Des,-1.0571088
0.9119,B,pid.pitch.FB,-0.33699113
0.9119,B,pid.pitch.U,-2.506602
0.9119,B,pid.roll.Des,-2.1829371
0.9119,B,pid.roll.FB,-1.8211024
0.9119,B,pid.roll.U,-0.75906539
0.9119,B,pid.yaw.Des,0
0.9119,B,pid.yaw.FB,0.6846379
0.9119,B,pid.yaw.U,-6.1078272
0.9119,B,pid.z_pos.Des,0.69999999
0.9119,B,pid.z_pos.FB,0.81957161
0.9119,B,pid.z_pos.U,-0.23370212
0.9119,B,pid.z_rate.Des,-0.23370212
0.9119,B,pid.z_rate.FB,0.0012740701
0.9119,B,pid.z_rate.U,-100.48959
1.1127,A,mrac.pitch.e,0.29555932
1.1127,A,mrac.pitch.u_ad,-0.035497013
1.1127,A,mrac.roll.e,-0.14262138
1.1127,A,mrac.roll.u_ad,0.033730388
1.1127,A,mrac.yaw.e,0.1195672
1.1127,A,mrac.yaw.u_ad,-0.014063472
1.1127,A,mrac.z.e,0.21658884
1.1127,A,mrac.z.u_ad,-0.13024694
1.1127,A,status.arm,1
1.1127,A,status.flymode,1
1.1127,A,status.rc_authority,1
1.1127,A,status.sbus_lost,0
1.1127,A,status.twc_arrived,0
1.1127,A,status.twc_execute,1
1.1128,B,mrac.pitch.theta_0,0.0013497819
1.1128,B,mrac.pitch.theta_1,0.00050333393
1.1128,B,mrac.pitch.theta_2,0.0022665984
1.1128,B,mrac.pitch.theta_3,0.0029310503
1.1128,B,mrac.pitch.theta_4,0.19167767
1.1128,B,mrac.pitch.theta_5,0.14170833
1.1128,B,mrac.pitch.u_nom,0.11106137
1.1128,B,mrac.pitch.xm,-0.032550219
1.1128,B,mrac.roll.theta_0,0.014333777
1.1128,B,mrac.roll.theta_1,3.1126547e-05
1.1128,B,mrac.roll.theta_2,0.0031302017
1.1128,B,mrac.roll.theta_3,0.0027352178
1.1128,B,mrac.roll.theta_4,0.18960476
1.1128,B,mrac.roll.theta_5,0.13152686
1.1128,B,mrac.roll.u_nom,-0.090115741
1.1128,B,mrac.roll.xm,-0.020375174
1.1128,B,mrac.yaw.theta_0,6.7691526e-14
1.1128,B,mrac.yaw.theta_1,0.0011023225
1.1128,B,mrac.yaw.theta_2,0.0020798096
1.1128,B,mrac.yaw.theta_3,0
1.1128,B,mrac.yaw.theta_4,0.11302076
1.1128,B,mrac.yaw.theta_5,0.087091856
1.1128,B,mrac.yaw.u_nom,-0.038765393
1.1128,B,mrac.yaw.xm,-0.11929713
1.1128,B,mrac.z.theta_0,5.4584392e-25
1.1128,B,mrac.z.theta_1,0.0094919028
1.1128,B,mrac.z.theta_2,0.00047222883
1.1128,B,mrac.z.theta_3,0
1.1128,B,mrac.z.theta_4,0.19930257
1.1128,B,mrac.z.theta_5,0.19863796
1.1128,B,mrac.z.u_nom,-0.38896859
1.1128,B,mrac.z.xm,-0.23358801
1.1128,B,path.active_path_mode,1
1.1128,B,path.circle_theta,0
1.1128,B,path.sinusoid_t_elapsed,0
1.1128,B,path.twc_arrived,0
1.1128,B,path.twc_target_x,50
1.1128,B,path.twc_target_y,-59.999996
1.1128,B,path.twc_target_z,0.69999999
1.1128,B,pid.gyrox.Des,-1.167411
1.1128,B,pid.gyrox.FB,5.5900121
1.1128,B,pid.gyrox.U,-105.43542
1.1128,B,pid.gyroy.Des,-1.8649895
1.1128,B,pid.gyroy.FB,-8.9897375
1.1128,B,pid.gyroy.U,129.9418
1.1128,B,pid.gyroz.Des,-6.8352194
1.1128,B,pid.gyroz.FB,1.9822441
1.1128,B,pid.gyroz.U,-72.568817
1.1128,B,pid.locx.Des,50
1.1128,B,pid.locx.FB,37.585938
1.1128,B,pid.locx.U,11.913077
1.1128,B,pid.locxs.Des,11.913077
1.1128,B,pid.locxs.FB,-0.56258434
1.1128,B,pid.locxs.U,37.404877
1.1128,B,pid.locy.Des,-59.999996
1.1128,B,pid.locy.FB,-13.125149
1.1128,B,pid.locy.U,-37.939468
1.1128,B,pid.locys.Des,-37.939468
1.1128,B,pid.locys.FB,-39.996044
1.1128,B,pid.locys.U,8.0422325
1.1128,B,pid.pitch.Des,0.5002982
1.1128,B,pid.pitch.FB,1.1880466
1.1128,B,pid.pitch.U,-1.8649895
1.1128,B,pid.roll.Des,-2.1770561
1.1128,B,pid.roll.FB,-1.812692
1.1128,B,pid.roll.U,-1.167411
1.1128,B,pid.yaw.Des,0
1.1128,B,pid.yaw.FB,0.80586988
1.1128,B,pid.yaw.U,-6.8352194
1.1128,B,pid.z_pos.Des,0.69999999
1.1128,B,pid.z_pos.FB,0.81941342
1.1128,B,pid.z_pos.U,-0.23358801
1.1128,B,pid.z_rate.Des,-0.23358801
1.1128,B,pid.z_rate.FB,-0.034158554
1.1128,B,pid.z_rate.U,-86.351028
1.3300,A,mrac.pitch.e,0.069103874
1.3300,A,mrac.pitch.u_ad,-0.014768085
1.3300,A,mrac.roll.e,-0.022176323
1.3300,A,mrac.roll.u_ad,0.013355222
1.3300,A,mrac.yaw.e,0.1072993
1.3300,A,mrac.yaw.u_ad,-0.014404706
1.3300,A,mrac.z.e,0.39084271
1.3300,A,mrac.z.u_ad,-0.19136243
1.3300,A,status.arm,1
1.3300,A,status.flymode,1
1.3300,A,status.rc_authority,1
1.3300,A,status.sbus_lost,0
1.3300,A,status.twc_arrived,0
1.3300,A,status.twc_execute,1
1.3301,B,mrac.pitch.theta_0,0.0011596497
1.3301,B,mrac.pitch.theta_1,0.0004717889
1.3301,B,mrac.pitch.theta_2,0.0022486127
1.3301,B,mrac.pitch.theta_3,0.0029312174
1.3301,B,mrac.pitch.theta_4,0.19167538
1.3301,B,mrac.pitch.theta_5,0.14170732
1.3301,B,mrac.pitch.u_nom,-0.0029374505
1.3301,B,mrac.pitch.xm,-0.059072517
1.3301,B,mrac.roll.theta_0,0.014864081
1.3301,B,mrac.roll.theta_1,3.0734616e-05
1.3301,B,mrac.roll.theta_2,0.0031309025
1.3301,B,mrac.roll.theta_3,0.0027352537
1.3301,B,mrac.roll.theta_4,0.18960373
1.3301,B,mrac.roll.theta_5,0.13151655
1.3301,B,mrac.roll.u_nom,0.017867167
1.3301,B,mrac.roll.xm,-0.020351704
1.3301,B,mrac.yaw.theta_0,3.5862233e-14
1.3301,B,mrac.yaw.theta_1,0.0011021103
1.3301,B,mrac.yaw.theta_2,0.0020791255
1.3301,B,mrac.yaw.theta_3,0
1.3301,B,mrac.yaw.theta_4,0.11301718
1.3301,B,mrac.yaw.theta_5,0.087102391
1.3301,B,mrac.yaw.u_nom,-0.027130306
1.3301,B,mrac.yaw.xm,-0.13089034
1.3301,B,mrac.z.theta_0,4.7508971e-25
1.3301,B,mrac.z.theta_1,0.0096487962
1.3301,B,mrac.z.theta_2,0.00047208121
1.3301,B,mrac.z.theta_3,0
1.3301,B,mrac.z.theta_4,0.19929412
1.3301,B,mrac.z.theta_5,0.19863188
1.3301,B,mrac.z.u_nom,-0.26027057
1.3301,B,mrac.z.xm,-0.22634818
1.3301,B,path.active_path_mode,1
1.3301,B,path.circle_theta,0
1.3301,B,path.sinusoid_t_elapsed,0
1.3301,B,path.twc_arrived,0
1.3301,B,path.twc_target_x,50
1.3301,B,path.twc_target_y,-59.999996
1.3301,B,path.twc_target_z,0.69999999
1.3301,B,pid.gyrox.Des,-1.1660663
1.3301,B,pid.gyrox.FB,1.1880145
1.3301,B,pid.gyrox.U,20.904585
1.3301,B,pid.gyroy.Des,-3.3846045
1.3301,B,pid.gyroy.FB,5.4308977
1.3301,B,pid.gyroy.U,-3.4368172
1.3301,B,pid.gyroz.Des,-7.4994607
1.3301,B,pid.gyroz.FB,-1.3858818
1.3301,B,pid.gyroz.U,-50.787933
1.3301,B,pid.locx.Des,50
1.3301,B,pid.locx.FB,37.660583
1.3301,B,pid.locx.U,11.855243
1.3301,B,pid.locxs.Des,11.855243
1.3301,B,pid.locxs.FB,-0.59187376
1.3301,B,pid.locxs.U,37.39563
1.3301,B,pid.locy.Des,-59.999996
1.3301,B,pid.locy.FB,-19.231924
1.3301,B,pid.locy.U,-33.354053
1.3301,B,pid.locys.Des,-33.354053
1.3301,B,pid.locys.FB,-36.995266
1.3301,B,pid.locys.U,12.483078
1.3301,B,pid.pitch.Des,0.76374984
1.3301,B,pid.pitch.FB,1.9833595
1.3301,B,pid.pitch.U,-3.3846045
1.3301,B,pid.roll.Des,-2.1705697
1.3301,B,pid.roll.FB,-1.8342761
1.3301,B,pid.roll.U,-1.1660663
1.3301,B,pid.yaw.Des,0
1.3301,B,pid.yaw.FB,0.9165768
1.3301,B,pid.yaw.U,-7.4994607
1.3301,B,pid.z_pos.Des,0.69999999
1.3301,B,pid.z_pos.FB,0.80909991
1.3301,B,pid.z_pos.U,-0.22634818
1.3301,B,pid.z_rate.Des,-0.22634818
1.3301,B,pid.z_rate.FB,-0.098659262
1.3301,B,pid.z_rate.U,-57.780064
1.5459,A,mrac.pitch.e,-0.080625854
1.5459,A,mrac.pitch.u_ad,0.014074942
1.5459,A,mrac.roll.e,0.12571879
1.5459,A,mrac.roll.u_ad,0.0047710463
1.5459,A,mrac.yaw.e,0.10554895
1.5459,A,mrac.yaw.u_ad,-0.014332688
1.5459,A,mrac.z.e,0.18040039
1.5459,A,mrac.z.u_ad,-0.11764736
1.5459,A,status.arm,1
1.5459,A,status.flymode,1
1.5459,A,status.rc_authority,1
1.5459,A,status.sbus_lost,0
1.5459,A,status.twc_arrived,0
1.5459,A,status.twc_execute,1
1.5461,B,mrac.pitch.theta_0,0.0022839583
1.5461,B,mrac.pitch.theta_1,0.00047434898
1.5461,B,mrac.pitch.theta_2,0.0022412988
1.5461,B,mrac.pitch.theta_3,0.0029314002
1.5461,B,mrac.pitch.theta_4,0.19167286
1.5461,B,mrac.pitch.theta_5,0.14172977
1.5461,B,mrac.pitch.u_nom,-0.11381985
1.5461,B,mrac.pitch.xm,-0.10911914
1.5461,B,mrac.roll.theta_0,0.018269273
1.5461,B,mrac.roll.theta_1,2.9913343e-05
1.5461,B,mrac.roll.theta_2,0.0031327459
1.5461,B,mrac.roll.theta_3,0.0027354383
1.5461,B,mrac.roll.theta_4,0.18959945
1.5461,B,mrac.roll.theta_5,0.13149926
1.5461,B,mrac.roll.u_nom,-0.024380067
1.5461,B,mrac.roll.xm,0.003571698
1.5461,B,mrac.yaw.theta_0,1.4018131e-14
1.5461,B,mrac.yaw.theta_1,0.0011108235
1.5461,B,mrac.yaw.theta_2,0.0020780449
1.5461,B,mrac.yaw.theta_3,0
1.5461,B,mrac.yaw.theta_4,0.11301031
1.5461,B,mrac.yaw.theta_5,0.087118067
1.5461,B,mrac.yaw.u_nom,-0.032379001
1.5461,B,mrac.yaw.xm,-0.12724505
1.5461,B,mrac.z.theta_0,3.48423e-25
1.5461,B,mrac.z.theta_1,0.0093017295
1.5461,B,mrac.z.theta_2,0.0004707175
1.5461,B,mrac.z.theta_3,0
1.5461,B,mrac.z.theta_4,0.19930807
1.5461,B,mrac.z.theta_5,0.19863527
1.5461,B,mrac.z.u_nom,-0.24488223
1.5461,B,mrac.z.xm,-0.23225594
1.5461,B,path.active_path_mode,1
1.5461,B,path.circle_theta,0
1.5461,B,path.sinusoid_t_elapsed,0
1.5461,B,path.twc_arrived,0
1.5461,B,path.twc_target_x,50
1.5461,B,path.twc_target_y,-59.999996
1.5461,B,path.twc_target_z,0.69999999
1.5461,B,pid.gyrox.Des,0.20464313
1.5461,B,pid.gyrox.FB,6.1319923
1.5461,B,pid.gyrox.U,-28.524679
1.5461,B,pid.gyroy.Des,-6.2520638
1.5461,B,pid.gyroy.FB,-0.75937217
1.5461,B,pid.gyroy.U,-133.16922
1.5461,B,pid.gyroz.Des,-7.2906013
1.5461,B,pid.gyroz.FB,0.041225426
1.5461,B,pid.gyroz.U,-60.613491
1.5461,B,pid.locx.Des,50
1.5461,B,pid.locx.FB,37.872227
1.5461,B,pid.locx.U,11.684494
1.5461,B,pid.locxs.Des,11.684494
1.5461,B,pid.locxs.FB,0.61515367
1.5461,B,pid.locxs.U,33.214264
1.5461,B,pid.locy.Des,-59.999996
1.5461,B,pid.locy.FB,-27.231073
1.5461,B,pid.locy.U,-27.274769
1.5461,B,pid.locys.Des,-27.274769
1.5461,B,pid.locys.FB,-25.012428
1.5461,B,pid.locys.U,-5.5376186
1.5461,B,pid.pitch.Des,-0.29344103
1.5461,B,pid.pitch.FB,1.9727212
1.5461,B,pid.pitch.U,-6.2520638
1.5461,B,pid.roll.Des,-1.9434098
1.5461,B,pid.roll.FB,-2.0750232
1.5461,B,pid.roll.U,0.20464313
1.5461,B,pid.yaw.Des,0
1.5461,B,pid.yaw.FB,0.88176686
1.5461,B,pid.yaw.U,-7.2906013
1.5461,B,pid.z_pos.Des,0.69999999
1.5461,B,pid.z_pos.FB,0.81897664
1.5461,B,pid.z_pos.U,-0.23225594
1.5461,B,pid.z_rate.Des,-0.23225594
1.5461,B,pid.z_rate.FB,-0.11310755
1.5461,B,pid.z_rate.U,-54.363853
1.7489,A,mrac.pitch.e,-0.20320736
1.7489,A,mrac.pitch.u_ad,0.0071285181
1.7489,A,mrac.roll.e,0.077613324
1.7489,A,mrac.roll.u_ad,-0.0017049271
1.7489,A,mrac.yaw.e,0.073886223
1.7489,A,mrac.yaw.u_ad,-0.015112818
1.7489,A,mrac.z.e,0.2452261
1.7489,A,mrac.z.u_ad,-0.14181595
1.7489,A,status.arm,1
1.7489,A,status.flymode,1
1.7489,A,status.rc_authority,1
1.7489,A,status.sbus_lost,0
1.7489,A,status.twc_arrived,0
1.7489,A,status.twc_execute,1
1.7490,B,mrac.pitch.theta_0,0.0015576481
1.7490,B,mrac.pitch.theta_1,0.00047531191
1.7490,B,mrac.pitch.theta_2,0.0022357826
1.7490,B,mrac.pitch.theta_3,0.0029318293
1.7490,B,mrac.pitch.theta_4,0.19167134
1.7490,B,mrac.pitch.theta_5,0.14175762
1.7490,B,mrac.pitch.u_nom,-0.10406293
1.7490,B,mrac.pitch.xm,-0.13934022
1.7490,B,mrac.roll.theta_0,0.017464878
1.7490,B,mrac.roll.theta_1,2.95229e-05
1.7490,B,mrac.roll.theta_2,0.0031313482
1.7490,B,mrac.roll.theta_3,0.0027358104
1.7490,B,mrac.roll.theta_4,0.18959896
1.7490,B,mrac.roll.theta_5,0.13149412
1.7490,B,mrac.roll.u_nom,0.068561256
1.7490,B,mrac.roll.xm,-0.0067693712
1.7490,B,mrac.yaw.theta_0,7.0450517e-15
1.7490,B,mrac.yaw.theta_1,0.0011091329
1.7490,B,mrac.yaw.theta_2,0.002077162
1.7490,B,mrac.yaw.theta_3,0
1.7490,B,mrac.yaw.theta_4,0.11300836
1.7490,B,mrac.yaw.theta_5,0.08713156
1.7490,B,mrac.yaw.u_nom,-0.040053368
1.7490,B,mrac.yaw.xm,-0.14326176
1.7490,B,mrac.z.theta_0,2.8882113e-25
1.7490,B,mrac.z.theta_1,0.0091742985
1.7490,B,mrac.z.theta_2,0.00047018362
1.7490,B,mrac.z.theta_3,0
1.7490,B,mrac.z.theta_4,0.19931422
1.7490,B,mrac.z.theta_5,0.19863747
1.7490,B,mrac.z.u_nom,-0.48615652
1.7490,B,mrac.z.xm,-0.24040489
1.7490,B,path.active_path_mode,1
1.7490,B,path.circle_theta,0
1.7490,B,path.sinusoid_t_elapsed,0
1.7490,B,path.twc_arrived,0
1.7490,B,path.twc_target_x,50
1.7490,B,path.twc_target_y,-59.999996
1.7490,B,path.twc_target_z,0.69999999
1.7490,B,pid.gyrox.Des,-0.38785625
1.7490,B,pid.gyrox.FB,-3.9981835
1.7490,B,pid.gyrox.U,80.216667
1.7490,B,pid.gyroy.Des,-7.983603
1.7490,B,pid.gyroy.FB,5.0201354
1.7490,B,pid.gyroy.U,-121.75363
1.7490,B,pid.gyroz.Des,-8.2082911
1.7490,B,pid.gyroz.FB,0.91259789
1.7490,B,pid.gyroz.U,-74.979904
1.7490,B,pid.locx.Des,50
1.7490,B,pid.locx.FB,38.092304
1.7490,B,pid.locx.U,11.499896
1.7490,B,pid.locxs.Des,11.499896
1.7490,B,pid.locxs.FB,0.63867307
1.7490,B,pid.locxs.U,32.581566
1.7490,B,pid.locy.Des,-59.999996
1.7490,B,pid.locy.FB,-30.940065
1.7490,B,pid.locy.U,-24.487341
1.7490,B,pid.locys.Des,-24.487341
1.7490,B,pid.locys.FB,-20.014797
1.7490,B,pid.locys.U,-12.743746
1.7490,B,pid.pitch.Des,-0.70967323
1.7490,B,pid.pitch.FB,1.8686802
1.7490,B,pid.pitch.U,-7.983603
1.7490,B,pid.roll.Des,-1.9149956
1.7490,B,pid.roll.FB,-1.8065921
1.7490,B,pid.roll.U,-0.38785625
1.7490,B,pid.yaw.Des,0
1.7490,B,pid.yaw.FB,1.0347152
1.7490,B,pid.yaw.U,-8.2082911
1.7490,B,pid.z_pos.Des,0.69999999
1.7490,B,pid.z_pos.FB,0.82914627
1.7490,B,pid.z_pos.U,-0.24040489
1.7490,B,pid.z_rate.Des,-0.24040489
1.7490,B,pid.z_rate.FB,0.012650752
1.7490,B,pid.z_rate.U,-107.92675
1.9636,A,mrac.pitch.e,0.088987157
1.9636,A,mrac.pitch.u_ad,-0.0067899805
1.9636,A,mrac.roll.e,0.017342232
1.9636,A,mrac.roll.u_ad,0.020268857
1.9636,A,mrac.yaw.e,0.18836856
1.9636,A,mrac.yaw.u_ad,-0.017387271
1.9636,A,mrac.z.e,0.29775006
1.9636,A,mrac.z.u_ad,-0.15895234
1.9636,A,status.arm,1
1.9636,A,status.flymode,1
1.9636,A,status.rc_authority,1
1.9636,A,status.sbus_lost,0
1.9636,A,status.twc_arrived,0
1.9636,A,status.twc_execute,1
1.9637,B,mrac.pitch.theta_0,0.0034687009
1.9637,B,mrac.pitch.theta_1,0.00048672996
1.9637,B,mrac.pitch.theta_2,0.002239391
1.9637,B,mrac.pitch.theta_3,0.0029322696
1.9637,B,mrac.pitch.theta_4,0.19166622
1.9637,B,mrac.pitch.theta_5,0.14175004
1.9637,B,mrac.pitch.u_nom,-0.12106057
1.9637,B,mrac.pitch.xm,-0.11380465
1.9637,B,mrac.roll.theta_0,0.019746765
1.9637,B,mrac.roll.theta_1,2.898132e-05
1.9637,B,mrac.roll.theta_2,0.0031341477
1.9637,B,mrac.roll.theta_3,0.0027360192
1.9637,B,mrac.roll.theta_4,0.18959448
1.9637,B,mrac.roll.theta_5,0.13147992
1.9637,B,mrac.roll.u_nom,0.11530514
1.9637,B,mrac.roll.xm,-0.006569651
1.9637,B,mrac.yaw.theta_0,2.5896552e-15
1.9637,B,mrac.yaw.theta_1,0.0011210165
1.9637,B,mrac.yaw.theta_2,0.002075782
1.9637,B,mrac.yaw.theta_3,0
1.9637,B,mrac.yaw.theta_4,0.11300544
1.9637,B,mrac.yaw.theta_5,0.087154791
1.9637,B,mrac.yaw.u_nom,-0.042029321
1.9637,B,mrac.yaw.xm,-0.14209093
1.9637,B,mrac.z.theta_0,2.3842692e-25
1.9637,B,mrac.z.theta_1,0.0094046146
1.9637,B,mrac.z.theta_2,0.00046957782
1.9637,B,mrac.z.theta_3,0
1.9637,B,mrac.z.theta_4,0.1993019
1.9637,B,mrac.z.theta_5,0.19862762
1.9637,B,mrac.z.u_nom,-0.69615084
1.9637,B,mrac.z.xm,-0.23359643
1.9637,B,path.active_path_mode,1
1.9637,B,path.circle_theta,0
1.9637,B,path.sinusoid_t_elapsed,0
1.9637,B,path.twc_arrived,0
1.9637,B,path.twc_target_x,50
1.9637,B,path.twc_target_y,-59.999996
1.9637,B,path.twc_target_z,0.69999999
1.9637,B,pid.gyrox.Des,-0.37641311
1.9637,B,pid.gyrox.FB,-5.8760834
1.9637,B,pid.gyrox.U,134.90701
1.9637,B,pid.gyroy.Des,-6.5205231
1.9637,B,pid.gyroy.FB,2.8729064
1.9637,B,pid.gyroy.U,-141.64087
1.9637,B,pid.gyroz.Des,-8.1412077
1.9637,B,pid.gyroz.FB,1.4343491
1.9637,B,pid.gyroz.U,-78.678886
1.9637,B,pid.locx.Des,50
1.9637,B,pid.locx.FB,38.207878
1.9637,B,pid.locx.U,11.442304
1.9637,B,pid.locxs.Des,11.442304
1.9637,B,pid.locxs.FB,-0.23222011
1.9637,B,pid.locxs.U,35.157967
1.9637,B,pid.locy.Des,-59.999996
1.9637,B,pid.locy.FB,-34.917942
1.9637,B,pid.locy.U,-21.585724
1.9637,B,pid.locys.Des,-21.585724
1.9637,B,pid.locys.FB,-12.997926
1.9637,B,pid.locys.U,-25.309727
1.9637,B,pid.pitch.Des,-1.4406091
1.9637,B,pid.pitch.FB,0.76953226
1.9637,B,pid.pitch.U,-6.5205231
1.9637,B,pid.roll.Des,-2.079107
1.9637,B,pid.roll.FB,-2.0143628
1.9637,B,pid.roll.U,-0.37641311
1.9637,B,pid.yaw.Des,0
1.9637,B,pid.yaw.FB,1.0235347
1.9637,B,pid.yaw.U,-8.1412077
1.9637,B,pid.z_pos.Des,0.69999999
1.9637,B,pid.z_pos.FB,0.81941932
1.9637,B,pid.z_pos.U,-0.23359643
1.9637,B,pid.z_rate.Des,-0.23359643
1.9637,B,pid.z_rate.FB,0.13540879
1.9637,B,pid.z_rate.U,-154.54549
2.1811,A,mrac.pitch.e,0.10088262
2.1811,A,mrac.pitch.u_ad,-0.034963917
2.1811,A,mrac.roll.e,0.019077111
2.1811,A,mrac.roll.u_ad,0.021296592
2.1811,A,mrac.yaw.e,0.13877895
2.1811,A,mrac.yaw.u_ad,-0.016777219
2.1811,A,mrac.z.e,0.24778354
2.1811,A,mrac.z.u_ad,-0.14151059
2.1811,A,status.arm,1
2.1811,A,status.flymode,1
2.1811,A,status.rc_authority,1
2.1811,A,status.sbus_lost,0
2.1811,A,status.twc_arrived,0
2.1811,A,status.twc_execute,1
2.1811,B,mrac.pitch.theta_0,0.0025950763
2.1811,B,mrac.pitch.theta_1,0.0004917701
2.1811,B,mrac.pitch.theta_2,0.0022375302
2.1811,B,mrac.pitch.theta_3,0.0029324577
2.1811,B,mrac.pitch.theta_4,0.1916621
2.1811,B,mrac.pitch.theta_5,0.14176138
2.1811,B,mrac.pitch.u_nom,0.059832763
2.1811,B,mrac.pitch.xm,-0.12608774
2.1811,B,mrac.roll.theta_0,0.01692703
2.1811,B,mrac.roll.theta_1,2.8621882e-05
2.1811,B,mrac.roll.theta_2,0.0031307461
2.1811,B,mrac.roll.theta_3,0.0027361687
2.1811,B,mrac.roll.theta_4,0.1895929
2.1811,B,mrac.roll.theta_5,0.13147655
2.1811,B,mrac.roll.u_nom,-0.077124
2.1811,B,mrac.roll.xm,-0.011496904
2.1811,B,mrac.yaw.theta_0,1.8837598e-15
2.1811,B,mrac.yaw.theta_1,0.0011263251
2.1811,B,mrac.yaw.theta_2,0.0020755045
2.1811,B,mrac.yaw.theta_3,0
2.1811,B,mrac.yaw.theta_4,0.11300344
2.1811,B,mrac.yaw.theta_5,0.087161094
2.1811,B,mrac.yaw.u_nom,-0.042299531
2.1811,B,mrac.yaw.xm,-0.1396028
2.1811,B,mrac.z.theta_0,2.14453e-25
2.1811,B,mrac.z.theta_1,0.0092502637
2.1811,B,mrac.z.theta_2,0.00046932654
2.1811,B,mrac.z.theta_3,0
2.1811,B,mrac.z.theta_4,0.19930822
2.1811,B,mrac.z.theta_5,0.19863021
2.1811,B,mrac.z.u_nom,-0.49642861
2.1811,B,mrac.z.xm,-0.23370263
2.1811,B,path.active_path_mode,1
2.1811,B,path.circle_theta,0
2.1811,B,path.sinusoid_t_elapsed,0
2.1811,B,path.twc_arrived,0
2.1811,B,path.twc_target_x,50
2.1811,B,path.twc_target_y,-59.999996
2.1811,B,path.twc_target_z,0.69999999
2.1811,B,pid.gyrox.Des,-0.65872383
2.1811,B,pid.gyrox.FB,4.5788431
2.1811,B,pid.gyrox.U,-90.235077
2.1811,B,pid.gyroy.Des,-7.2242923
2.1811,B,pid.gyroy.FB,-6.3588877
2.1811,B,pid.gyroy.U,70.004333
2.1811,B,pid.gyroz.Des,-7.9986477
2.1811,B,pid.gyroz.FB,1.6434687
2.1811,B,pid.gyroz.U,-79.184723
2.1811,B,pid.locx.Des,50
2.1811,B,pid.locx.FB,38.191517
2.1811,B,pid.locx.U,11.453046
2.1811,B,pid.locxs.Des,11.453046
2.1811,B,pid.locxs.FB,-0.19193307
2.1811,B,pid.locxs.U,34.954021
2.1811,B,pid.locy.Des,-59.999996
2.1811,B,pid.locy.FB,-35.8578
2.1811,B,pid.locy.U,-20.953817
2.1811,B,pid.locys.Des,-20.953817
2.1811,B,pid.locys.FB,-10.998325
2.1811,B,pid.locys.U,-29.506794
2.1811,B,pid.pitch.Des,-1.6867795
2.1811,B,pid.pitch.FB,0.72990042
2.1811,B,pid.pitch.U,-7.2242923
2.1811,B,pid.roll.Des,-2.0709043
2.1811,B,pid.roll.FB,-1.7479358
2.1811,B,pid.roll.U,-0.65872383
2.1811,B,pid.yaw.Des,0
2.1811,B,pid.yaw.FB,0.99977458
2.1811,B,pid.yaw.U,-7.9986477
2.1811,B,pid.z_pos.Des,0.69999999
2.1811,B,pid.z_pos.FB,0.81955189
2.1811,B,pid.z_pos.U,-0.23370263
2.1811,B,pid.z_rate.Des,-0.23370263
2.1811,B,pid.z_rate.FB,0.024456732
2.1811,B,pid.z_rate.U,-110.20715
2.3975,A,mrac.pitch.e,0.10088262
2.3975,A,mrac.pitch.u_ad,-0.034963917
2.3975,A,mrac.roll.e,0.019077111
2.3975,A,mrac.roll.u_ad,0.021296592
2.3975,A,mrac.yaw.e,0.13877895
2.3975,A,mrac.yaw.u_ad,-0.016777219
2.3975,A,mrac.z.e,0.24778354
2.3975,A,mrac.z.u_ad,-0.14151059
2.3975,A,status.arm,1
2.3975,A,status.flymode,1
2.3975,A,status.rc_authority,1
2.3975,A,status.sbus_lost,0
2.3975,A,status.twc_arrived,0
2.3975,A,status.twc_execute,1
2.3976,B,mrac.pitch.theta_0,0.0025950763
2.3976,B,mrac.pitch.theta_1,0.0004917701
2.3976,B,mrac.pitch.theta_2,0.0022375302
2.3976,B,mrac.pitch.theta_3,0.0029324577
2.3976,B,mrac.pitch.theta_4,0.1916621
2.3976,B,mrac.pitch.theta_5,0.14176138
2.3976,B,mrac.pitch.u_nom,0.059832763
2.3976,B,mrac.pitch.xm,-0.12608774
2.3976,B,mrac.roll.theta_0,0.01692703
2.3976,B,mrac.roll.theta_1,2.8621882e-05
2.3976,B,mrac.roll.theta_2,0.0031307461
2.3976,B,mrac.roll.theta_3,0.0027361687
2.3976,B,mrac.roll.theta_4,0.1895929
2.3976,B,mrac.roll.theta_5,0.13147655
2.3976,B,mrac.roll.u_nom,-0.077124
2.3976,B,mrac.roll.xm,-0.011496904
2.3976,B,mrac.yaw.theta_0,1.8837598e-15
2.3976,B,mrac.yaw.theta_1,0.0011263251
2.3976,B,mrac.yaw.theta_2,0.0020755045
2.3976,B,mrac.yaw.theta_3,0
2.3976,B,mrac.yaw.theta_4,0.11300344
2.3976,B,mrac.yaw.theta_5,0.087161094
2.3976,B,mrac.yaw.u_nom,-0.042299531
2.3976,B,mrac.yaw.xm,-0.1396028
2.3976,B,mrac.z.theta_0,2.14453e-25
2.3976,B,mrac.z.theta_1,0.0092502637
2.3976,B,mrac.z.theta_2,0.00046932654
2.3976,B,mrac.z.theta_3,0
2.3976,B,mrac.z.theta_4,0.19930822
2.3976,B,mrac.z.theta_5,0.19863021
2.3976,B,mrac.z.u_nom,-0.49642861
2.3976,B,mrac.z.xm,-0.23370263
2.3976,B,path.active_path_mode,1
2.3976,B,path.circle_theta,0
2.3976,B,path.sinusoid_t_elapsed,0
2.3976,B,path.twc_arrived,0
2.3976,B,path.twc_target_x,50
2.3976,B,path.twc_target_y,-59.999996
2.3976,B,path.twc_target_z,0.69999999
2.3976,B,pid.gyrox.Des,-0.65872383
2.3976,B,pid.gyrox.FB,4.5788431
2.3976,B,pid.gyrox.U,-90.235077
2.3976,B,pid.gyroy.Des,-7.2242923
2.3976,B,pid.gyroy.FB,-6.3588877
2.3976,B,pid.gyroy.U,70.004333
2.3976,B,pid.gyroz.Des,-7.9986477
2.3976,B,pid.gyroz.FB,1.6434687
2.3976,B,pid.gyroz.U,-79.184723
2.3976,B,pid.locx.Des,50
2.3976,B,pid.locx.FB,38.191517
2.3976,B,pid.locx.U,11.453046
2.3976,B,pid.locxs.Des,11.453046
2.3976,B,pid.locxs.FB,-0.19193307
2.3976,B,pid.locxs.U,34.954021
2.3976,B,pid.locy.Des,-59.999996
2.3976,B,pid.locy.FB,-35.8578
2.3976,B,pid.locy.U,-20.953817
2.3976,B,pid.locys.Des,-20.953817
2.3976,B,pid.locys.FB,-10.998325
2.3976,B,pid.locys.U,-29.506794
2.3976,B,pid.pitch.Des,-1.6867795
2.3976,B,pid.pitch.FB,0.72990042
2.3976,B,pid.pitch.U,-7.2242923
2.3976,B,pid.roll.Des,-2.0709043
2.3976,B,pid.roll.FB,-1.7479358
2.3976,B,pid.roll.U,-0.65872383
2.3976,B,pid.yaw.Des,0
2.3976,B,pid.yaw.FB,0.99977458
2.3976,B,pid.yaw.U,-7.9986477
2.3976,B,pid.z_pos.Des,0.69999999
2.3976,B,pid.z_pos.FB,0.81955189
2.3976,B,pid.z_pos.U,-0.23370263
2.3976,B,pid.z_rate.Des,-0.23370263
2.3976,B,pid.z_rate.FB,0.024456732
2.3976,B,pid.z_rate.U,-110.20715
2.5975,A,mrac.pitch.e,0.10088262
2.5975,A,mrac.pitch.u_ad,-0.034963917
2.5975,A,mrac.roll.e,0.019077111
2.5975,A,mrac.roll.u_ad,0.021296592
2.5975,A,mrac.yaw.e,0.13877895
2.5975,A,mrac.yaw.u_ad,-0.016777219
2.5975,A,mrac.z.e,0.24778354
2.5975,A,mrac.z.u_ad,-0.14151059
2.5975,A,status.arm,1
2.5975,A,status.flymode,1
2.5975,A,status.rc_authority,1
2.5975,A,status.sbus_lost,0
2.5975,A,status.twc_arrived,0
2.5975,A,status.twc_execute,1
2.5976,B,mrac.pitch.theta_0,0.0025950763
2.5976,B,mrac.pitch.theta_1,0.0004917701
2.5976,B,mrac.pitch.theta_2,0.0022375302
2.5976,B,mrac.pitch.theta_3,0.0029324577
2.5976,B,mrac.pitch.theta_4,0.1916621
2.5976,B,mrac.pitch.theta_5,0.14176138
2.5976,B,mrac.pitch.u_nom,0.059832763
2.5976,B,mrac.pitch.xm,-0.12608774
2.5976,B,mrac.roll.theta_0,0.01692703
2.5976,B,mrac.roll.theta_1,2.8621882e-05
2.5976,B,mrac.roll.theta_2,0.0031307461
2.5976,B,mrac.roll.theta_3,0.0027361687
2.5976,B,mrac.roll.theta_4,0.1895929
2.5976,B,mrac.roll.theta_5,0.13147655
2.5976,B,mrac.roll.u_nom,-0.077124
2.5976,B,mrac.roll.xm,-0.011496904
2.5976,B,mrac.yaw.theta_0,1.8837598e-15
2.5976,B,mrac.yaw.theta_1,0.0011263251
2.5976,B,mrac.yaw.theta_2,0.0020755045
2.5976,B,mrac.yaw.theta_3,0
2.5976,B,mrac.yaw.theta_4,0.11300344
2.5976,B,mrac.yaw.theta_5,0.087161094
2.5976,B,mrac.yaw.u_nom,-0.042299531
2.5976,B,mrac.yaw.xm,-0.1396028
2.5976,B,mrac.z.theta_0,2.14453e-25
2.5976,B,mrac.z.theta_1,0.0092502637
2.5976,B,mrac.z.theta_2,0.00046932654
2.5976,B,mrac.z.theta_3,0
2.5976,B,mrac.z.theta_4,0.19930822
2.5976,B,mrac.z.theta_5,0.19863021
2.5976,B,mrac.z.u_nom,-0.49642861
2.5976,B,mrac.z.xm,-0.23370263
2.5976,B,path.active_path_mode,1
2.5976,B,path.circle_theta,0
2.5976,B,path.sinusoid_t_elapsed,0
2.5976,B,path.twc_arrived,0
2.5976,B,path.twc_target_x,50
2.5976,B,path.twc_target_y,-59.999996
2.5976,B,path.twc_target_z,0.69999999
2.5976,B,pid.gyrox.Des,-0.65872383
2.5976,B,pid.gyrox.FB,4.5788431
2.5976,B,pid.gyrox.U,-90.235077
2.5976,B,pid.gyroy.Des,-7.2242923
2.5976,B,pid.gyroy.FB,-6.3588877
2.5976,B,pid.gyroy.U,70.004333
2.5976,B,pid.gyroz.Des,-7.9986477
2.5976,B,pid.gyroz.FB,1.6434687
2.5976,B,pid.gyroz.U,-79.184723
2.5976,B,pid.locx.Des,50
2.5976,B,pid.locx.FB,38.191517
2.5976,B,pid.locx.U,11.453046
2.5976,B,pid.locxs.Des,11.453046
2.5976,B,pid.locxs.FB,-0.19193307
2.5976,B,pid.locxs.U,34.954021
2.5976,B,pid.locy.Des,-59.999996
2.5976,B,pid.locy.FB,-35.8578
2.5976,B,pid.locy.U,-20.953817
2.5976,B,pid.locys.Des,-20.953817
2.5976,B,pid.locys.FB,-10.998325
2.5976,B,pid.locys.U,-29.506794
2.5976,B,pid.pitch.Des,-1.6867795
2.5976,B,pid.pitch.FB,0.72990042
2.5976,B,pid.pitch.U,-7.2242923
2.5976,B,pid.roll.Des,-2.0709043
2.5976,B,pid.roll.FB,-1.7479358
2.5976,B,pid.roll.U,-0.65872383
2.5976,B,pid.yaw.Des,0
2.5976,B,pid.yaw.FB,0.99977458
2.5976,B,pid.yaw.U,-7.9986477
2.5976,B,pid.z_pos.Des,0.69999999
2.5976,B,pid.z_pos.FB,0.81955189
2.5976,B,pid.z_pos.U,-0.23370263
2.5976,B,pid.z_rate.Des,-0.23370263
2.5976,B,pid.z_rate.FB,0.024456732
2.5976,B,pid.z_rate.U,-110.20715
2.8135,A,mrac.pitch.e,0.10088262
2.8135,A,mrac.pitch.u_ad,-0.034963917
2.8135,A,mrac.roll.e,0.019077111
2.8135,A,mrac.roll.u_ad,0.021296592
2.8135,A,mrac.yaw.e,0.13877895
2.8135,A,mrac.yaw.u_ad,-0.016777219
2.8135,A,mrac.z.e,0.24778354
2.8135,A,mrac.z.u_ad,-0.14151059
2.8135,A,status.arm,1
2.8135,A,status.flymode,1
2.8135,A,status.rc_authority,1
2.8135,A,status.sbus_lost,0
2.8135,A,status.twc_arrived,0
2.8135,A,status.twc_execute,1
2.8137,B,mrac.pitch.theta_0,0.0025950763
2.8137,B,mrac.pitch.theta_1,0.0004917701
2.8137,B,mrac.pitch.theta_2,0.0022375302
2.8137,B,mrac.pitch.theta_3,0.0029324577
2.8137,B,mrac.pitch.theta_4,0.1916621
2.8137,B,mrac.pitch.theta_5,0.14176138
2.8137,B,mrac.pitch.u_nom,0.059832763
2.8137,B,mrac.pitch.xm,-0.12608774
2.8137,B,mrac.roll.theta_0,0.01692703
2.8137,B,mrac.roll.theta_1,2.8621882e-05
2.8137,B,mrac.roll.theta_2,0.0031307461
2.8137,B,mrac.roll.theta_3,0.0027361687
2.8137,B,mrac.roll.theta_4,0.1895929
2.8137,B,mrac.roll.theta_5,0.13147655
2.8137,B,mrac.roll.u_nom,-0.077124
2.8137,B,mrac.roll.xm,-0.011496904
2.8137,B,mrac.yaw.theta_0,1.8837598e-15
2.8137,B,mrac.yaw.theta_1,0.0011263251
2.8137,B,mrac.yaw.theta_2,0.0020755045
2.8137,B,mrac.yaw.theta_3,0
2.8137,B,mrac.yaw.theta_4,0.11300344
2.8137,B,mrac.yaw.theta_5,0.087161094
2.8137,B,mrac.yaw.u_nom,-0.042299531
2.8137,B,mrac.yaw.xm,-0.1396028
2.8137,B,mrac.z.theta_0,2.14453e-25
2.8137,B,mrac.z.theta_1,0.0092502637
2.8137,B,mrac.z.theta_2,0.00046932654
2.8137,B,mrac.z.theta_3,0
2.8137,B,mrac.z.theta_4,0.19930822
2.8137,B,mrac.z.theta_5,0.19863021
2.8137,B,mrac.z.u_nom,-0.49642861
2.8137,B,mrac.z.xm,-0.23370263
2.8137,B,path.active_path_mode,1
2.8137,B,path.circle_theta,0
2.8137,B,path.sinusoid_t_elapsed,0
2.8137,B,path.twc_arrived,0
2.8137,B,path.twc_target_x,50
2.8137,B,path.twc_target_y,-59.999996
2.8137,B,path.twc_target_z,0.69999999
2.8137,B,pid.gyrox.Des,-0.65872383
2.8137,B,pid.gyrox.FB,4.5788431
2.8137,B,pid.gyrox.U,-90.235077
2.8137,B,pid.gyroy.Des,-7.2242923
2.8137,B,pid.gyroy.FB,-6.3588877
2.8137,B,pid.gyroy.U,70.004333
2.8137,B,pid.gyroz.Des,-7.9986477
2.8137,B,pid.gyroz.FB,1.6434687
2.8137,B,pid.gyroz.U,-79.184723
2.8137,B,pid.locx.Des,50
2.8137,B,pid.locx.FB,38.191517
2.8137,B,pid.locx.U,11.453046
2.8137,B,pid.locxs.Des,11.453046
2.8137,B,pid.locxs.FB,-0.19193307
2.8137,B,pid.locxs.U,34.954021
2.8137,B,pid.locy.Des,-59.999996
2.8137,B,pid.locy.FB,-35.8578
2.8137,B,pid.locy.U,-20.953817
2.8137,B,pid.locys.Des,-20.953817
2.8137,B,pid.locys.FB,-10.998325
2.8137,B,pid.locys.U,-29.506794
2.8137,B,pid.pitch.Des,-1.6867795
2.8137,B,pid.pitch.FB,0.72990042
2.8137,B,pid.pitch.U,-7.2242923
2.8137,B,pid.roll.Des,-2.0709043
2.8137,B,pid.roll.FB,-1.7479358
2.8137,B,pid.roll.U,-0.65872383
2.8137,B,pid.yaw.Des,0
2.8137,B,pid.yaw.FB,0.99977458
2.8137,B,pid.yaw.U,-7.9986477
2.8137,B,pid.z_pos.Des,0.69999999
2.8137,B,pid.z_pos.FB,0.81955189
2.8137,B,pid.z_pos.U,-0.23370263
2.8137,B,pid.z_rate.Des,-0.23370263
2.8137,B,pid.z_rate.FB,0.024456732
2.8137,B,pid.z_rate.U,-110.20715
3.0129,A,mrac.pitch.e,0.10088262
3.0129,A,mrac.pitch.u_ad,-0.034963917
3.0129,A,mrac.roll.e,0.019077111
3.0129,A,mrac.roll.u_ad,0.021296592
3.0129,A,mrac.yaw.e,0.13877895
3.0129,A,mrac.yaw.u_ad,-0.016777219
3.0129,A,mrac.z.e,0.24778354
3.0129,A,mrac.z.u_ad,-0.14151059
3.0129,A,status.arm,1
3.0129,A,status.flymode,1
3.0129,A,status.rc_authority,1
3.0129,A,status.sbus_lost,0
3.0129,A,status.twc_arrived,0
3.0129,A,status.twc_execute,1
3.0131,B,mrac.pitch.theta_0,0.0025950763
3.0131,B,mrac.pitch.theta_1,0.0004917701
3.0131,B,mrac.pitch.theta_2,0.0022375302
3.0131,B,mrac.pitch.theta_3,0.0029324577
3.0131,B,mrac.pitch.theta_4,0.1916621
3.0131,B,mrac.pitch.theta_5,0.14176138
3.0131,B,mrac.pitch.u_nom,0.059832763
3.0131,B,mrac.pitch.xm,-0.12608774
3.0131,B,mrac.roll.theta_0,0.01692703
3.0131,B,mrac.roll.theta_1,2.8621882e-05
3.0131,B,mrac.roll.theta_2,0.0031307461
3.0131,B,mrac.roll.theta_3,0.0027361687
3.0131,B,mrac.roll.theta_4,0.1895929
3.0131,B,mrac.roll.theta_5,0.13147655
3.0131,B,mrac.roll.u_nom,-0.077124
3.0131,B,mrac.roll.xm,-0.011496904
3.0131,B,mrac.yaw.theta_0,1.8837598e-15
3.0131,B,mrac.yaw.theta_1,0.0011263251
3.0131,B,mrac.yaw.theta_2,0.0020755045
3.0131,B,mrac.yaw.theta_3,0
3.0131,B,mrac.yaw.theta_4,0.11300344
3.0131,B,mrac.yaw.theta_5,0.087161094
3.0131,B,mrac.yaw.u_nom,-0.042299531
3.0131,B,mrac.yaw.xm,-0.1396028
3.0131,B,mrac.z.theta_0,2.14453e-25
3.0131,B,mrac.z.theta_1,0.0092502637
3.0131,B,mrac.z.theta_2,0.00046932654
3.0131,B,mrac.z.theta_3,0
3.0131,B,mrac.z.theta_4,0.19930822
3.0131,B,mrac.z.theta_5,0.19863021
3.0131,B,mrac.z.u_nom,-0.49642861
3.0131,B,mrac.z.xm,-0.23370263
3.0131,B,path.active_path_mode,1
3.0131,B,path.circle_theta,0
3.0131,B,path.sinusoid_t_elapsed,0
3.0131,B,path.twc_arrived,0
3.0131,B,path.twc_target_x,50
3.0131,B,path.twc_target_y,-59.999996
3.0131,B,path.twc_target_z,0.69999999
3.0131,B,pid.gyrox.Des,-0.65872383
3.0131,B,pid.gyrox.FB,4.5788431
3.0131,B,pid.gyrox.U,-90.235077
3.0131,B,pid.gyroy.Des,-7.2242923
3.0131,B,pid.gyroy.FB,-6.3588877
3.0131,B,pid.gyroy.U,70.004333
3.0131,B,pid.gyroz.Des,-7.9986477
3.0131,B,pid.gyroz.FB,1.6434687
3.0131,B,pid.gyroz.U,-79.184723
3.0131,B,pid.locx.Des,50
3.0131,B,pid.locx.FB,38.191517
3.0131,B,pid.locx.U,11.453046
3.0131,B,pid.locxs.Des,11.453046
3.0131,B,pid.locxs.FB,-0.19193307
3.0131,B,pid.locxs.U,34.954021
3.0131,B,pid.locy.Des,-59.999996
3.0131,B,pid.locy.FB,-35.8578
3.0131,B,pid.locy.U,-20.953817
3.0131,B,pid.locys.Des,-20.953817
3.0131,B,pid.locys.FB,-10.998325
3.0131,B,pid.locys.U,-29.506794
3.0131,B,pid.pitch.Des,-1.6867795
3.0131,B,pid.pitch.FB,0.72990042
3.0131,B,pid.pitch.U,-7.2242923
3.0131,B,pid.roll.Des,-2.0709043
3.0131,B,pid.roll.FB,-1.7479358
3.0131,B,pid.roll.U,-0.65872383
3.0131,B,pid.yaw.Des,0
3.0131,B,pid.yaw.FB,0.99977458
3.0131,B,pid.yaw.U,-7.9986477
3.0131,B,pid.z_pos.Des,0.69999999
3.0131,B,pid.z_pos.FB,0.81955189
3.0131,B,pid.z_pos.U,-0.23370263
3.0131,B,pid.z_rate.Des,-0.23370263
3.0131,B,pid.z_rate.FB,0.024456732
3.0131,B,pid.z_rate.U,-110.20715
3.2151,A,mrac.pitch.e,0.10088262
3.2151,A,mrac.pitch.u_ad,-0.034963917
3.2151,A,mrac.roll.e,0.019077111
3.2151,A,mrac.roll.u_ad,0.021296592
3.2151,A,mrac.yaw.e,0.13877895
3.2151,A,mrac.yaw.u_ad,-0.016777219
3.2151,A,mrac.z.e,0.24778354
3.2151,A,mrac.z.u_ad,-0.14151059
3.2151,A,status.arm,1
3.2151,A,status.flymode,1
3.2151,A,status.rc_authority,1
3.2151,A,status.sbus_lost,0
3.2151,A,status.twc_arrived,0
3.2151,A,status.twc_execute,1
3.2152,B,mrac.pitch.theta_0,0.0025950763
3.2152,B,mrac.pitch.theta_1,0.0004917701
3.2152,B,mrac.pitch.theta_2,0.0022375302
3.2152,B,mrac.pitch.theta_3,0.0029324577
3.2152,B,mrac.pitch.theta_4,0.1916621
3.2152,B,mrac.pitch.theta_5,0.14176138
3.2152,B,mrac.pitch.u_nom,0.059832763
3.2152,B,mrac.pitch.xm,-0.12608774
3.2152,B,mrac.roll.theta_0,0.01692703
3.2152,B,mrac.roll.theta_1,2.8621882e-05
3.2152,B,mrac.roll.theta_2,0.0031307461
3.2152,B,mrac.roll.theta_3,0.0027361687
3.2152,B,mrac.roll.theta_4,0.1895929
3.2152,B,mrac.roll.theta_5,0.13147655
3.2152,B,mrac.roll.u_nom,-0.077124
3.2152,B,mrac.roll.xm,-0.011496904
3.2152,B,mrac.yaw.theta_0,1.8837598e-15
3.2152,B,mrac.yaw.theta_1,0.0011263251
3.2152,B,mrac.yaw.theta_2,0.0020755045
3.2152,B,mrac.yaw.theta_3,0
3.2152,B,mrac.yaw.theta_4,0.11300344
3.2152,B,mrac.yaw.theta_5,0.087161094
3.2152,B,mrac.yaw.u_nom,-0.042299531
3.2152,B,mrac.yaw.xm,-0.1396028
3.2152,B,mrac.z.theta_0,2.14453e-25
3.2152,B,mrac.z.theta_1,0.0092502637
3.2152,B,mrac.z.theta_2,0.00046932654
3.2152,B,mrac.z.theta_3,0
3.2152,B,mrac.z.theta_4,0.19930822
3.2152,B,mrac.z.theta_5,0.19863021
3.2152,B,mrac.z.u_nom,-0.49642861
3.2152,B,mrac.z.xm,-0.23370263
3.2152,B,path.active_path_mode,1
3.2152,B,path.circle_theta,0
3.2152,B,path.sinusoid_t_elapsed,0
3.2152,B,path.twc_arrived,0
3.2152,B,path.twc_target_x,50
3.2152,B,path.twc_target_y,-59.999996
3.2152,B,path.twc_target_z,0.69999999
3.2152,B,pid.gyrox.Des,-0.65872383
3.2152,B,pid.gyrox.FB,4.5788431
3.2152,B,pid.gyrox.U,-90.235077
3.2152,B,pid.gyroy.Des,-7.2242923
3.2152,B,pid.gyroy.FB,-6.3588877
3.2152,B,pid.gyroy.U,70.004333
3.2152,B,pid.gyroz.Des,-7.9986477
3.2152,B,pid.gyroz.FB,1.6434687
3.2152,B,pid.gyroz.U,-79.184723
3.2152,B,pid.locx.Des,50
3.2152,B,pid.locx.FB,38.191517
3.2152,B,pid.locx.U,11.453046
3.2152,B,pid.locxs.Des,11.453046
3.2152,B,pid.locxs.FB,-0.19193307
3.2152,B,pid.locxs.U,34.954021
3.2152,B,pid.locy.Des,-59.999996
3.2152,B,pid.locy.FB,-35.8578
3.2152,B,pid.locy.U,-20.953817
3.2152,B,pid.locys.Des,-20.953817
3.2152,B,pid.locys.FB,-10.998325
3.2152,B,pid.locys.U,-29.506794
3.2152,B,pid.pitch.Des,-1.6867795
3.2152,B,pid.pitch.FB,0.72990042
3.2152,B,pid.pitch.U,-7.2242923
3.2152,B,pid.roll.Des,-2.0709043
3.2152,B,pid.roll.FB,-1.7479358
3.2152,B,pid.roll.U,-0.65872383
3.2152,B,pid.yaw.Des,0
3.2152,B,pid.yaw.FB,0.99977458
3.2152,B,pid.yaw.U,-7.9986477
3.2152,B,pid.z_pos.Des,0.69999999
3.2152,B,pid.z_pos.FB,0.81955189
3.2152,B,pid.z_pos.U,-0.23370263
3.2152,B,pid.z_rate.Des,-0.23370263
3.2152,B,pid.z_rate.FB,0.024456732
3.2152,B,pid.z_rate.U,-110.20715
3.4168,A,mrac.pitch.e,0.10088262
3.4168,A,mrac.pitch.u_ad,-0.034963917
3.4168,A,mrac.roll.e,0.019077111
3.4168,A,mrac.roll.u_ad,0.021296592
3.4168,A,mrac.yaw.e,0.13877895
3.4168,A,mrac.yaw.u_ad,-0.016777219
3.4168,A,mrac.z.e,0.24778354
3.4168,A,mrac.z.u_ad,-0.14151059
3.4168,A,status.arm,1
3.4168,A,status.flymode,1
3.4168,A,status.rc_authority,1
3.4168,A,status.sbus_lost,0
3.4168,A,status.twc_arrived,0
3.4168,A,status.twc_execute,1
3.4170,B,mrac.pitch.theta_0,0.0025950763
3.4170,B,mrac.pitch.theta_1,0.0004917701
3.4170,B,mrac.pitch.theta_2,0.0022375302
3.4170,B,mrac.pitch.theta_3,0.0029324577
3.4170,B,mrac.pitch.theta_4,0.1916621
3.4170,B,mrac.pitch.theta_5,0.14176138
3.4170,B,mrac.pitch.u_nom,0.059832763
3.4170,B,mrac.pitch.xm,-0.12608774
3.4170,B,mrac.roll.theta_0,0.01692703
3.4170,B,mrac.roll.theta_1,2.8621882e-05
3.4170,B,mrac.roll.theta_2,0.0031307461
3.4170,B,mrac.roll.theta_3,0.0027361687
3.4170,B,mrac.roll.theta_4,0.1895929
3.4170,B,mrac.roll.theta_5,0.13147655
3.4170,B,mrac.roll.u_nom,-0.077124
3.4170,B,mrac.roll.xm,-0.011496904
3.4170,B,mrac.yaw.theta_0,1.8837598e-15
3.4170,B,mrac.yaw.theta_1,0.0011263251
3.4170,B,mrac.yaw.theta_2,0.0020755045
3.4170,B,mrac.yaw.theta_3,0
3.4170,B,mrac.yaw.theta_4,0.11300344
3.4170,B,mrac.yaw.theta_5,0.087161094
3.4170,B,mrac.yaw.u_nom,-0.042299531
3.4170,B,mrac.yaw.xm,-0.1396028
3.4170,B,mrac.z.theta_0,2.14453e-25
3.4170,B,mrac.z.theta_1,0.0092502637
3.4170,B,mrac.z.theta_2,0.00046932654
3.4170,B,mrac.z.theta_3,0
3.4170,B,mrac.z.theta_4,0.19930822
3.4170,B,mrac.z.theta_5,0.19863021
3.4170,B,mrac.z.u_nom,-0.49642861
3.4170,B,mrac.z.xm,-0.23370263
3.4170,B,path.active_path_mode,1
3.4170,B,path.circle_theta,0
3.4170,B,path.sinusoid_t_elapsed,0
3.4170,B,path.twc_arrived,0
3.4170,B,path.twc_target_x,50
3.4170,B,path.twc_target_y,-59.999996
3.4170,B,path.twc_target_z,0.69999999
3.4170,B,pid.gyrox.Des,-0.65872383
3.4170,B,pid.gyrox.FB,4.5788431
3.4170,B,pid.gyrox.U,-90.235077
3.4170,B,pid.gyroy.Des,-7.2242923
3.4170,B,pid.gyroy.FB,-6.3588877
3.4170,B,pid.gyroy.U,70.004333
3.4170,B,pid.gyroz.Des,-7.9986477
3.4170,B,pid.gyroz.FB,1.6434687
3.4170,B,pid.gyroz.U,-79.184723
3.4170,B,pid.locx.Des,50
3.4170,B,pid.locx.FB,38.191517
3.4170,B,pid.locx.U,11.453046
3.4170,B,pid.locxs.Des,11.453046
3.4170,B,pid.locxs.FB,-0.19193307
3.4170,B,pid.locxs.U,34.954021
3.4170,B,pid.locy.Des,-59.999996
3.4170,B,pid.locy.FB,-35.8578
3.4170,B,pid.locy.U,-20.953817
3.4170,B,pid.locys.Des,-20.953817
3.4170,B,pid.locys.FB,-10.998325
3.4170,B,pid.locys.U,-29.506794
3.4170,B,pid.pitch.Des,-1.6867795
3.4170,B,pid.pitch.FB,0.72990042
3.4170,B,pid.pitch.U,-7.2242923
3.4170,B,pid.roll.Des,-2.0709043
3.4170,B,pid.roll.FB,-1.7479358
3.4170,B,pid.roll.U,-0.65872383
3.4170,B,pid.yaw.Des,0
3.4170,B,pid.yaw.FB,0.99977458
3.4170,B,pid.yaw.U,-7.9986477
3.4170,B,pid.z_pos.Des,0.69999999
3.4170,B,pid.z_pos.FB,0.81955189
3.4170,B,pid.z_pos.U,-0.23370263
3.4170,B,pid.z_rate.Des,-0.23370263
3.4170,B,pid.z_rate.FB,0.024456732
3.4170,B,pid.z_rate.U,-110.20715
3.6156,A,mrac.pitch.e,0.10088262
3.6156,A,mrac.pitch.u_ad,-0.034963917
3.6156,A,mrac.roll.e,0.019077111
3.6156,A,mrac.roll.u_ad,0.021296592
3.6156,A,mrac.yaw.e,0.13877895
3.6156,A,mrac.yaw.u_ad,-0.016777219
3.6156,A,mrac.z.e,0.24778354
3.6156,A,mrac.z.u_ad,-0.14151059
3.6156,A,status.arm,1
3.6156,A,status.flymode,1
3.6156,A,status.rc_authority,1
3.6156,A,status.sbus_lost,0
3.6156,A,status.twc_arrived,0
3.6156,A,status.twc_execute,1
3.6157,B,mrac.pitch.theta_0,0.0025950763
3.6157,B,mrac.pitch.theta_1,0.0004917701
3.6157,B,mrac.pitch.theta_2,0.0022375302
3.6157,B,mrac.pitch.theta_3,0.0029324577
3.6157,B,mrac.pitch.theta_4,0.1916621
3.6157,B,mrac.pitch.theta_5,0.14176138
3.6157,B,mrac.pitch.u_nom,0.059832763
3.6157,B,mrac.pitch.xm,-0.12608774
3.6157,B,mrac.roll.theta_0,0.01692703
3.6157,B,mrac.roll.theta_1,2.8621882e-05
3.6157,B,mrac.roll.theta_2,0.0031307461
3.6157,B,mrac.roll.theta_3,0.0027361687
3.6157,B,mrac.roll.theta_4,0.1895929
3.6157,B,mrac.roll.theta_5,0.13147655
3.6157,B,mrac.roll.u_nom,-0.077124
3.6157,B,mrac.roll.xm,-0.011496904
3.6157,B,mrac.yaw.theta_0,1.8837598e-15
3.6157,B,mrac.yaw.theta_1,0.0011263251
3.6157,B,mrac.yaw.theta_2,0.0020755045
3.6157,B,mrac.yaw.theta_3,0
3.6157,B,mrac.yaw.theta_4,0.11300344
3.6157,B,mrac.yaw.theta_5,0.087161094
3.6157,B,mrac.yaw.u_nom,-0.042299531
3.6157,B,mrac.yaw.xm,-0.1396028
3.6157,B,mrac.z.theta_0,2.14453e-25
3.6157,B,mrac.z.theta_1,0.0092502637
3.6157,B,mrac.z.theta_2,0.00046932654
3.6157,B,mrac.z.theta_3,0
3.6157,B,mrac.z.theta_4,0.19930822
3.6157,B,mrac.z.theta_5,0.19863021
3.6157,B,mrac.z.u_nom,-0.49642861
3.6157,B,mrac.z.xm,-0.23370263
3.6157,B,path.active_path_mode,1
3.6157,B,path.circle_theta,0
3.6157,B,path.sinusoid_t_elapsed,0
3.6157,B,path.twc_arrived,0
3.6157,B,path.twc_target_x,50
3.6157,B,path.twc_target_y,-59.999996
3.6157,B,path.twc_target_z,0.69999999
3.6157,B,pid.gyrox.Des,-0.65872383
3.6157,B,pid.gyrox.FB,4.5788431
3.6157,B,pid.gyrox.U,-90.235077
3.6157,B,pid.gyroy.Des,-7.2242923
3.6157,B,pid.gyroy.FB,-6.3588877
3.6157,B,pid.gyroy.U,70.004333
3.6157,B,pid.gyroz.Des,-7.9986477
3.6157,B,pid.gyroz.FB,1.6434687
3.6157,B,pid.gyroz.U,-79.184723
3.6157,B,pid.locx.Des,50
3.6157,B,pid.locx.FB,38.191517
3.6157,B,pid.locx.U,11.453046
3.6157,B,pid.locxs.Des,11.453046
3.6157,B,pid.locxs.FB,-0.19193307
3.6157,B,pid.locxs.U,34.954021
3.6157,B,pid.locy.Des,-59.999996
3.6157,B,pid.locy.FB,-35.8578
3.6157,B,pid.locy.U,-20.953817
3.6157,B,pid.locys.Des,-20.953817
3.6157,B,pid.locys.FB,-10.998325
3.6157,B,pid.locys.U,-29.506794
3.6157,B,pid.pitch.Des,-1.6867795
3.6157,B,pid.pitch.FB,0.72990042
3.6157,B,pid.pitch.U,-7.2242923
3.6157,B,pid.roll.Des,-2.0709043
3.6157,B,pid.roll.FB,-1.7479358
3.6157,B,pid.roll.U,-0.65872383
3.6157,B,pid.yaw.Des,0
3.6157,B,pid.yaw.FB,0.99977458
3.6157,B,pid.yaw.U,-7.9986477
3.6157,B,pid.z_pos.Des,0.69999999
3.6157,B,pid.z_pos.FB,0.81955189
3.6157,B,pid.z_pos.U,-0.23370263
3.6157,B,pid.z_rate.Des,-0.23370263
3.6157,B,pid.z_rate.FB,0.024456732
3.6157,B,pid.z_rate.U,-110.20715
3.8295,A,mrac.pitch.e,0.096744455
3.8295,A,mrac.pitch.u_ad,-0.033505235
3.8295,A,mrac.roll.e,-0.046733804
3.8295,A,mrac.roll.u_ad,0.02805366
3.8295,A,mrac.yaw.e,0.18710724
3.8295,A,mrac.yaw.u_ad,-0.020882208
3.8295,A,mrac.z.e,0.15083683
3.8295,A,mrac.z.u_ad,-0.10659102
3.8295,A,status.arm,1
3.8295,A,status.flymode,1
3.8295,A,status.rc_authority,0
3.8295,A,status.sbus_lost,0
3.8295,A,status.twc_arrived,0
3.8295,A,status.twc_execute,1
3.8296,B,mrac.pitch.theta_0,0.0019905695
3.8296,B,mrac.pitch.theta_1,0.00047669461
3.8296,B,mrac.pitch.theta_2,0.0022204479
3.8296,B,mrac.pitch.theta_3,0.002936396
3.8296,B,mrac.pitch.theta_4,0.19164053
3.8296,B,mrac.pitch.theta_5,0.14179777
3.8296,B,mrac.pitch.u_nom,-0.075445324
3.8296,B,mrac.pitch.xm,-0.10171264
3.8296,B,mrac.roll.theta_0,0.018032627
3.8296,B,mrac.roll.theta_1,2.6209014e-05
3.8296,B,mrac.roll.theta_2,0.0031356481
3.8296,B,mrac.roll.theta_3,0.0027394374
3.8296,B,mrac.roll.theta_4,0.18957667
3.8296,B,mrac.roll.theta_5,0.13138284
3.8296,B,mrac.roll.u_nom,0.050616652
3.8296,B,mrac.roll.xm,-0.015944639
3.8296,B,mrac.yaw.theta_0,7.0513115e-19
3.8296,B,mrac.yaw.theta_1,0.0012014662
3.8296,B,mrac.yaw.theta_2,0.0020654558
3.8296,B,mrac.yaw.theta_3,0
3.8296,B,mrac.yaw.theta_4,0.11300652
3.8296,B,mrac.yaw.theta_5,0.087367691
3.8296,B,mrac.yaw.u_nom,-0.051979627
3.8296,B,mrac.yaw.xm,-0.17022491
3.8296,B,mrac.z.theta_0,3.5597885e-26
3.8296,B,mrac.z.theta_1,0.0090720514
3.8296,B,mrac.z.theta_2,0.00046693435
3.8296,B,mrac.z.theta_3,0
3.8296,B,mrac.z.theta_4,0.19929767
3.8296,B,mrac.z.theta_5,0.19861232
3.8296,B,mrac.z.u_nom,-0.45634416
3.8296,B,mrac.z.xm,-0.23355383
3.8296,B,path.active_path_mode,1
3.8296,B,path.circle_theta,0
3.8296,B,path.sinusoid_t_elapsed,0
3.8296,B,path.twc_arrived,0
3.8296,B,path.twc_target_x,50
3.8296,B,path.twc_target_y,-59.999996
3.8296,B,path.twc_target_z,0.69999999
3.8296,B,pid.gyrox.Des,-0.91356015
3.8296,B,pid.gyrox.FB,3.5074849
3.8296,B,pid.gyrox.U,59.221481
3.8296,B,pid.gyroy.Des,-5.8277025
3.8296,B,pid.gyroy.FB,0.59787536
3.8296,B,pid.gyroy.U,-88.271027
3.8296,B,pid.gyroz.Des,-9.7531643
3.8296,B,pid.gyroz.FB,2.161999
3.8296,B,pid.gyroz.U,-97.305862
3.8296,B,pid.locx.Des,50
3.8296,B,pid.locx.FB,37.681458
3.8296,B,pid.locx.U,11.854835
3.8296,B,pid.locxs.Des,11.854835
3.8296,B,pid.locxs.FB,-1.0448478
3.8296,B,pid.locxs.U,38.703102
3.8296,B,pid.locy.Des,-59.999996
3.8296,B,pid.locy.FB,-42.438236
3.8296,B,pid.locy.U,-16.049408
3.8296,B,pid.locys.Des,-16.049408
3.8296,B,pid.locys.FB,-1.9769403
3.8296,B,pid.locys.U,-42.219536
3.8296,B,pid.pitch.Des,-2.4118905
3.8296,B,pid.pitch.FB,-0.2785641
3.8296,B,pid.pitch.U,-5.8277025
3.8296,B,pid.roll.Des,-2.3150108
3.8296,B,pid.roll.FB,-2.1869535
3.8296,B,pid.roll.U,-0.91356015
3.8296,B,pid.yaw.Des,0
3.8296,B,pid.yaw.FB,1.292194
3.8296,B,pid.yaw.U,-9.7531643
3.8296,B,pid.z_pos.Des,0.69999999
3.8296,B,pid.z_pos.FB,0.8193931
3.8296,B,pid.z_pos.U,-0.23355383
3.8296,B,pid.z_rate.Des,-0.23355383
3.8296,B,pid.z_rate.FB,0.0013743276
3.8296,B,pid.z_rate.U,-101.3084
4.0295,A,mrac.pitch.e,0.13086109
4.0295,A,mrac.pitch.u_ad,-0.034698874
4.0295,A,mrac.roll.e,-0.080768257
4.0295,A,mrac.roll.u_ad,0.032610625
4.0295,A,mrac.yaw.e,0.15233749
4.0295,A,mrac.yaw.u_ad,-0.019369476
4.0295,A,mrac.z.e,0.26379108
4.0295,A,mrac.z.u_ad,-0.14758292
4.0295,A,status.arm,1
4.0295,A,status.flymode,1
4.0295,A,status.rc_authority,0
4.0295,A,status.sbus_lost,0
4.0295,A,status.twc_arrived,0
4.0295,A,status.twc_execute,1
4.0296,B,mrac.pitch.theta_0,0.0025916821
4.0296,B,mrac.pitch.theta_1,0.00048530966
4.0296,B,mrac.pitch.theta_2,0.0022202672
4.0296,B,mrac.pitch.theta_3,0.0029362352
4.0296,B,mrac.pitch.theta_4,0.19163515
4.0296,B,mrac.pitch.theta_5,0.14180104
4.0296,B,mrac.pitch.u_nom,0.061808612
4.0296,B,mrac.pitch.xm,-0.10730242
4.0296,B,mrac.roll.theta_0,0.015135605
4.0296,B,mrac.roll.theta_1,2.6373784e-05
4.0296,B,mrac.roll.theta_2,0.0031337643
4.0296,B,mrac.roll.theta_3,0.0027396772
4.0296,B,mrac.roll.theta_4,0.18957295
4.0296,B,mrac.roll.theta_5,0.13137406
4.0296,B,mrac.roll.u_nom,-0.12211883
4.0296,B,mrac.roll.xm,-0.019579196
4.0296,B,mrac.yaw.theta_0,2.1585061e-19
4.0296,B,mrac.yaw.theta_1,0.0012175925
4.0296,B,mrac.yaw.theta_2,0.0020642017
4.0296,B,mrac.yaw.theta_3,0
4.0296,B,mrac.yaw.theta_4,0.11300832
4.0296,B,mrac.yaw.theta_5,0.087400608
4.0296,B,mrac.yaw.u_nom,-0.036367141
4.0296,B,mrac.yaw.xm,-0.16995871
4.0296,B,mrac.z.theta_0,2.7994976e-26
4.0296,B,mrac.z.theta_1,0.0090603447
4.0296,B,mrac.z.theta_2,0.00046607645
4.0296,B,mrac.z.theta_3,0
4.0296,B,mrac.z.theta_4,0.19929722
4.0296,B,mrac.z.theta_5,0.19860855
4.0296,B,mrac.z.u_nom,-0.5283128
4.0296,B,mrac.z.xm,-0.23368329
4.0296,B,path.active_path_mode,1
4.0296,B,path.circle_theta,0
4.0296,B,path.sinusoid_t_elapsed,0
4.0296,B,path.twc_arrived,0
4.0296,B,path.twc_target_x,50
4.0296,B,path.twc_target_y,-59.999996
4.0296,B,path.twc_target_z,0.69999999
4.0296,B,pid.gyrox.Des,-1.1218048
4.0296,B,pid.gyrox.FB,10.57363
4.0296,B,pid.gyrox.U,-142.87903
4.0296,B,pid.gyroy.Des,-6.1479731
4.0296,B,pid.gyroy.FB,-8.2340746
4.0296,B,pid.gyroy.U,72.316078
4.0296,B,pid.gyroz.Des,-9.7379131
4.0296,B,pid.gyroz.FB,-1.4728584
4.0296,B,pid.gyroz.U,-68.079285
4.0296,B,pid.locx.Des,50
4.0296,B,pid.locx.FB,37.683723
4.0296,B,pid.locx.U,11.852228
4.0296,B,pid.locxs.Des,11.852228
4.0296,B,pid.locxs.FB,0
4.0296,B,pid.locxs.U,35.555717
4.0296,B,pid.locy.Des,-59.999996
4.0296,B,pid.locy.FB,-42.338291
4.0296,B,pid.locy.U,-16.165344
4.0296,B,pid.locys.Des,-16.165344
4.0296,B,pid.locys.FB,0
4.0296,B,pid.locys.U,-48.544006
4.0296,B,pid.pitch.Des,-2.7851288
4.0296,B,pid.pitch.FB,-0.56702954
4.0296,B,pid.pitch.U,-6.1479731
4.0296,B,pid.roll.Des,-2.1395674
4.0296,B,pid.roll.FB,-1.8213006
4.0296,B,pid.roll.U,-1.1218048
4.0296,B,pid.yaw.Des,0
4.0296,B,pid.yaw.FB,1.2896522
4.0296,B,pid.yaw.U,-9.7379131
4.0296,B,pid.z_pos.Des,0.69999999
4.0296,B,pid.z_pos.FB,0.81954557
4.0296,B,pid.z_pos.U,-0.23368329
4.0296,B,pid.z_rate.Des,-0.23368329
4.0296,B,pid.z_rate.FB,0.040828649
4.0296,B,pid.z_rate.U,-117.28545
4.2310,A,mrac.pitch.e,-0.097281635
4.2310,A,mrac.pitch.u_ad,0.0072738901
4.2310,A,mrac.roll.e,0.21545054
4.2310,A,mrac.roll.u_ad,-0.0045127845
4.2310,A,mrac.yaw.e,0.17290148
4.2310,A,mrac.yaw.u_ad,-0.01948376
4.2310,A,mrac.z.e,0.23641269
4.2310,A,mrac.z.u_ad,-0.13799216
4.2310,A,status.arm,1
4.2310,A,status.flymode,1
4.2310,A,status.rc_authority,0
4.2310,A,status.sbus_lost,0
4.2310,A,status.twc_arrived,0
4.2310,A,status.twc_execute,1
4.2312,B,mrac.pitch.theta_0,0.0024362081
4.2312,B,mrac.pitch.theta_1,0.00048232503
4.2312,B,mrac.pitch.theta_2,0.0022203368
4.2312,B,mrac.pitch.theta_3,0.002937078
4.2312,B,mrac.pitch.theta_4,0.19163294
4.2312,B,mrac.pitch.theta_5,0.14180531
4.2312,B,mrac.pitch.u_nom,0.039152794
4.2312,B,mrac.pitch.xm,-0.1247038
4.2312,B,mrac.roll.theta_0,0.020735422
4.2312,B,mrac.roll.theta_1,2.5841562e-05
4.2312,B,mrac.roll.theta_2,0.0031398355
4.2312,B,mrac.roll.theta_3,0.0027402553
4.2312,B,mrac.roll.theta_4,0.18957303
4.2312,B,mrac.roll.theta_5,0.13135895
4.2312,B,mrac.roll.u_nom,0.017350964
4.2312,B,mrac.roll.xm,0.0070051653
4.2312,B,mrac.yaw.theta_0,9.6355523e-20
4.2312,B,mrac.yaw.theta_1,0.0012261808
4.2312,B,mrac.yaw.theta_2,0.0020633775
4.2312,B,mrac.yaw.theta_3,0
4.2312,B,mrac.yaw.theta_4,0.11301029
4.2312,B,mrac.yaw.theta_5,0.087423049
4.2312,B,mrac.yaw.u_nom,-0.053776402
4.2312,B,mrac.yaw.xm,-0.17133188
4.2312,B,mrac.z.theta_0,2.34293e-26
4.2312,B,mrac.z.theta_1,0.0090175048
4.2312,B,mrac.z.theta_2,0.00046602482
4.2312,B,mrac.z.theta_3,0
4.2312,B,mrac.z.theta_4,0.19929753
4.2312,B,mrac.z.theta_5,0.19860838
4.2312,B,mrac.z.u_nom,-0.45560011
4.2312,B,mrac.z.xm,-0.23352629
4.2312,B,path.active_path_mode,1
4.2312,B,path.circle_theta,0
4.2312,B,path.sinusoid_t_elapsed,0
4.2312,B,path.twc_arrived,0
4.2312,B,path.twc_target_x,50
4.2312,B,path.twc_target_y,-59.999996
4.2312,B,path.twc_target_z,0.69999999
4.2312,B,pid.gyrox.Des,0.40136623
4.2312,B,pid.gyrox.FB,2.6924126
4.2312,B,pid.gyrox.U,20.300629
4.2312,B,pid.gyroy.Des,-7.1449986
4.2312,B,pid.gyroy.FB,-2.5202129
4.2312,B,pid.gyroy.U,45.808769
4.2312,B,pid.gyroz.Des,-9.8165894
4.2312,B,pid.gyroz.FB,2.5016658
4.2312,B,pid.gyroz.U,-100.66943
4.2312,B,pid.locx.Des,50
4.2312,B,pid.locx.FB,37.692547
4.2312,B,pid.locx.U,11.825058
4.2312,B,pid.locxs.Des,11.825058
4.2312,B,pid.locxs.FB,0
4.2312,B,pid.locxs.U,35.330154
4.2312,B,pid.locy.Des,-59.999996
4.2312,B,pid.locy.FB,-42.173492
4.2312,B,pid.locy.U,-16.300739
4.2312,B,pid.locys.Des,-16.300739
4.2312,B,pid.locys.FB,0
4.2312,B,pid.locys.U,-48.94701
4.2312,B,pid.pitch.Des,-2.8076453
4.2312,B,pid.pitch.FB,-0.58331889
4.2312,B,pid.pitch.U,-7.1449986
4.2312,B,pid.roll.Des,-2.1275768
4.2312,B,pid.roll.FB,-2.2605867
4.2312,B,pid.roll.U,0.40136623
4.2312,B,pid.yaw.Des,0
4.2312,B,pid.yaw.FB,1.3027649
4.2312,B,pid.yaw.U,-9.8165894
4.2312,B,pid.z_pos.Des,0.69999999
4.2312,B,pid.z_pos.FB,0.81931937
4.2312,B,pid.z_pos.U,-0.23352629
4.2312,B,pid.z_rate.Des,-0.23352629
4.2312,B,pid.z_rate.FB,0.00063007488
4.2312,B,pid.z_rate.U,-101.14323
4.4471,A,mrac.pitch.e,-0.011805549
4.4471,A,mrac.pitch.u_ad,-0.0066552721
4.4471,A,mrac.roll.e,0.1043819
4.4471,A,mrac.roll.u_ad,0.011268314
4.4471,A,mrac.yaw.e,0.21273434
4.4471,A,mrac.yaw.u_ad,-0.02083382
4.4471,A,mrac.z.e,0.1901038
4.4471,A,mrac.z.u_ad,-0.12186721
4.4471,A,status.arm,1
4.4471,A,status.flymode,1
4.4471,A,status.rc_authority,0
4.4471,A,status.sbus_lost,0
4.4471,A,status.twc_arrived,0
4.4471,A,status.twc_execute,1
4.4472,B,mrac.pitch.theta_0,0.0024669718
4.4472,B,mrac.pitch.theta_1,0.00047694676
4.4472,B,mrac.pitch.theta_2,0.0022182649
4.4472,B,mrac.pitch.theta_3,0.0029373234
4.4472,B,mrac.pitch.theta_4,0.19163199
4.4472,B,mrac.pitch.theta_5,0.14181143
4.4472,B,mrac.pitch.u_nom,-0.163551
4.4472,B,mrac.pitch.xm,-0.08709085
4.4472,B,mrac.roll.theta_0,0.018540557
4.4472,B,mrac.roll.theta_1,2.5265164e-05
4.4472,B,mrac.roll.theta_2,0.0031352467
4.4472,B,mrac.roll.theta_3,0.0027402258
4.4472,B,mrac.roll.theta_4,0.18956718
4.4472,B,mrac.roll.theta_5,0.13134949
4.4472,B,mrac.roll.u_nom,0.11966383
4.4472,B,mrac.roll.xm,-0.012077634
4.4472,B,mrac.yaw.theta_0,4.5760827e-20
4.4472,B,mrac.yaw.theta_1,0.0012375005
4.4472,B,mrac.yaw.theta_2,0.0020627803
4.4472,B,mrac.yaw.theta_3,0
4.4472,B,mrac.yaw.theta_4,0.11301005
4.4472,B,mrac.yaw.theta_5,0.087441877
4.4472,B,mrac.yaw.u_nom,-0.033393182
4.4472,B,mrac.yaw.xm,-0.16765998
4.4472,B,mrac.z.theta_0,1.9138895e-26
4.4472,B,mrac.z.theta_1,0.0087340306
4.4472,B,mrac.z.theta_2,0.00046527121
4.4472,B,mrac.z.theta_3,0
4.4472,B,mrac.z.theta_4,0.1993102
4.4472,B,mrac.z.theta_5,0.19861403
4.4472,B,mrac.z.u_nom,-0.51556891
4.4472,B,mrac.z.xm,-0.24065845
4.4472,B,path.active_path_mode,1
4.4472,B,path.circle_theta,0
4.4472,B,path.sinusoid_t_elapsed,0
4.4472,B,path.twc_arrived,0
4.4472,B,path.twc_target_x,50
4.4472,B,path.twc_target_y,-59.999996
4.4472,B,path.twc_target_z,0.69999999
4.4472,B,pid.gyrox.Des,-0.69199717
4.4472,B,pid.gyrox.FB,-8.9419117
4.4472,B,pid.gyrox.U,140.00668
4.4472,B,pid.gyroy.Des,-4.9899359
4.4472,B,pid.gyroy.FB,12.134296
4.4472,B,pid.gyroy.U,-191.35468
4.4472,B,pid.gyroz.Des,-9.606205
4.4472,B,pid.gyroz.FB,-2.0363555
4.4472,B,pid.gyroz.U,-62.512035
4.4472,B,pid.locx.Des,50
4.4472,B,pid.locx.FB,37.840496
4.4472,B,pid.locx.U,11.691623
4.4472,B,pid.locxs.Des,11.691623
4.4472,B,pid.locxs.FB,-0.022123732
4.4472,B,pid.locxs.U,35.226604
4.4472,B,pid.locy.Des,-59.999996
4.4472,B,pid.locy.FB,-42.041763
4.4472,B,pid.locy.U,-16.365791
4.4472,B,pid.locys.Des,-16.365791
4.4472,B,pid.locys.FB,-0.99975526
4.4472,B,pid.locys.U,-40.098537
4.4472,B,pid.pitch.Des,-2.294184
4.4472,B,pid.pitch.FB,-0.51583242
4.4472,B,pid.pitch.U,-4.9899359
4.4472,B,pid.roll.Des,-2.1084204
4.4472,B,pid.roll.FB,-1.8963968
4.4472,B,pid.roll.U,-0.69199717
4.4472,B,pid.yaw.Des,0
4.4472,B,pid.yaw.FB,1.2677008
4.4472,B,pid.yaw.U,-9.606205
4.4472,B,pid.z_pos.Des,0.69999999
4.4472,B,pid.z_pos.FB,0.82951176
4.4472,B,pid.z_pos.U,-0.24065845
4.4472,B,pid.z_rate.Des,-0.24065845
4.4472,B,pid.z_rate.FB,0.026780631
4.4472,B,pid.z_rate.U,-114.4563
4.6636,A,mrac.pitch.e,-0.011805549
4.6636,A,mrac.pitch.u_ad,-0.0066552721
4.6636,A,mrac.roll.e,0.1043819
4.6636,A,mrac.roll.u_ad,0.011268314
4.6636,A,mrac.yaw.e,0.21273434
4.6636,A,mrac.yaw.u_ad,-0.02083382
4.6636,A,mrac.z.e,0.1901038
4.6636,A,mrac.z.u_ad,-0.12186721
4.6636,A,status.arm,1
4.6636,A,status.flymode,1
4.6636,A,status.rc_authority,0
4.6636,A,status.sbus_lost,0
4.6636,A,status.twc_arrived,0
4.6636,A,status.twc_execute,1
4.6637,B,mrac.pitch.theta_0,0.0024669718
4.6637,B,mrac.pitch.theta_1,0.00047694676
4.6637,B,mrac.pitch.theta_2,0.0022182649
4.6637,B,mrac.pitch.theta_3,0.0029373234
4.6637,B,mrac.pitch.theta_4,0.19163199
4.6637,B,mrac.pitch.theta_5,0.14181143
4.6637,B,mrac.pitch.u_nom,-0.163551
4.6637,B,mrac.pitch.xm,-0.08709085
4.6637,B,mrac.roll.theta_0,0.018540557
4.6637,B,mrac.roll.theta_1,2.5265164e-05
4.6637,B,mrac.roll.theta_2,0.0031352467
4.6637,B,mrac.roll.theta_3,0.0027402258
4.6637,B,mrac.roll.theta_4,0.18956718
4.6637,B,mrac.roll.theta_5,0.13134949
4.6637,B,mrac.roll.u_nom,0.11966383
4.6637,B,mrac.roll.xm,-0.012077634
4.6637,B,mrac.yaw.theta_0,4.5760827e-20
4.6637,B,mrac.yaw.theta_1,0.0012375005
4.6637,B,mrac.yaw.theta_2,0.0020627803
4.6637,B,mrac.yaw.theta_3,0
4.6637,B,mrac.yaw.theta_4,0.11301005
4.6637,B,mrac.yaw.theta_5,0.087441877
4.6637,B,mrac.yaw.u_nom,-0.033393182
4.6637,B,mrac.yaw.xm,-0.16765998
4.6637,B,mrac.z.theta_0,1.9138895e-26
4.6637,B,mrac.z.theta_1,0.0087340306
4.6637,B,mrac.z.theta_2,0.00046527121
4.6637,B,mrac.z.theta_3,0
4.6637,B,mrac.z.theta_4,0.1993102
4.6637,B,mrac.z.theta_5,0.19861403
4.6637,B,mrac.z.u_nom,-0.51556891
4.6637,B,mrac.z.xm,-0.24065845
4.6637,B,path.active_path_mode,1
4.6637,B,path.circle_theta,0
4.6637,B,path.sinusoid_t_elapsed,0
4.6637,B,path.twc_arrived,0
4.6637,B,path.twc_target_x,50
4.6637,B,path.twc_target_y,-59.999996
4.6637,B,path.twc_target_z,0.69999999
4.6637,B,pid.gyrox.Des,-0.69199717
4.6637,B,pid.gyrox.FB,-8.9419117
4.6637,B,pid.gyrox.U,140.00668
4.6637,B,pid.gyroy.Des,-4.9899359
4.6637,B,pid.gyroy.FB,12.134296
4.6637,B,pid.gyroy.U,-191.35468
4.6637,B,pid.gyroz.Des,-9.606205
4.6637,B,pid.gyroz.FB,-2.0363555
4.6637,B,pid.gyroz.U,-62.512035
4.6637,B,pid.locx.Des,50
4.6637,B,pid.locx.FB,37.840496
4.6637,B,pid.locx.U,11.691623
4.6637,B,pid.locxs.Des,11.691623
4.6637,B,pid.locxs.FB,-0.022123732
4.6637,B,pid.locxs.U,35.226604
4.6637,B,pid.locy.Des,-59.999996
4.6637,B,pid.locy.FB,-42.041763
4.6637,B,pid.locy.U,-16.365791
4.6637,B,pid.locys.Des,-16.365791
4.6637,B,pid.locys.FB,-0.99975526
4.6637,B,pid.locys.U,-40.098537
4.6637,B,pid.pitch.Des,-2.294184
4.6637,B,pid.pitch.FB,-0.51583242
4.6637,B,pid.pitch.U,-4.9899359
4.6637,B,pid.roll.Des,-2.1084204
4.6637,B,pid.roll.FB,-1.8963968
4.6637,B,pid.roll.U,-0.69199717
4.6637,B,pid.yaw.Des,0
4.6637,B,pid.yaw.FB,1.2677008
4.6637,B,pid.yaw.U,-9.606205
4.6637,B,pid.z_pos.Des,0.69999999
4.6637,B,pid.z_pos.FB,0.82951176
4.6637,B,pid.z_pos.U,-0.24065845
4.6637,B,pid.z_rate.Des,-0.24065845
4.6637,B,pid.z_rate.FB,0.026780631
4.6637,B,pid.z_rate.U,-114.4563
4.8789,A,mrac.pitch.e,-0.011805549
4.8789,A,mrac.pitch.u_ad,-0.0066552721
4.8789,A,mrac.roll.e,0.1043819
4.8789,A,mrac.roll.u_ad,0.011268314
4.8789,A,mrac.yaw.e,0.21273434
4.8789,A,mrac.yaw.u_ad,-0.02083382
4.8789,A,mrac.z.e,0.1901038
4.8789,A,mrac.z.u_ad,-0.12186721
4.8789,A,status.arm,1
4.8789,A,status.flymode,1
4.8789,A,status.rc_authority,0
4.8789,A,status.sbus_lost,0
4.8789,A,status.twc_arrived,0
4.8789,A,status.twc_execute,1
4.8790,B,mrac.pitch.theta_0,0.0024669718
4.8790,B,mrac.pitch.theta_1,0.00047694676
4.8790,B,mrac.pitch.theta_2,0.0022182649
4.8790,B,mrac.pitch.theta_3,0.0029373234
4.8790,B,mrac.pitch.theta_4,0.19163199
4.8790,B,mrac.pitch.theta_5,0.14181143
4.8790,B,mrac.pitch.u_nom,-0.163551
4.8790,B,mrac.pitch.xm,-0.08709085
4.8790,B,mrac.roll.theta_0,0.018540557
4.8790,B,mrac.roll.theta_1,2.5265164e-05
4.8790,B,mrac.roll.theta_2,0.0031352467
4.8790,B,mrac.roll.theta_3,0.0027402258
4.8790,B,mrac.roll.theta_4,0.18956718
4.8790,B,mrac.roll.theta_5,0.13134949
4.8790,B,mrac.roll.u_nom,0.11966383
4.8790,B,mrac.roll.xm,-0.012077634
4.8790,B,mrac.yaw.theta_0,4.5760827e-20
4.8790,B,mrac.yaw.theta_1,0.0012375005
4.8790,B,mrac.yaw.theta_2,0.0020627803
4.8790,B,mrac.yaw.theta_3,0
4.8790,B,mrac.yaw.theta_4,0.11301005
4.8790,B,mrac.yaw.theta_5,0.087441877
4.8790,B,mrac.yaw.u_nom,-0.033393182
4.8790,B,mrac.yaw.xm,-0.16765998
4.8790,B,mrac.z.theta_0,1.9138895e-26
4.8790,B,mrac.z.theta_1,0.0087340306
4.8790,B,mrac.z.theta_2,0.00046527121
4.8790,B,mrac.z.theta_3,0
4.8790,B,mrac.z.theta_4,0.1993102
4.8790,B,mrac.z.theta_5,0.19861403
4.8790,B,mrac.z.u_nom,-0.51556891
4.8790,B,mrac.z.xm,-0.24065845
4.8790,B,path.active_path_mode,1
4.8790,B,path.circle_theta,0
4.8790,B,path.sinusoid_t_elapsed,0
4.8790,B,path.twc_arrived,0
4.8790,B,path.twc_target_x,50
4.8790,B,path.twc_target_y,-59.999996
4.8790,B,path.twc_target_z,0.69999999
4.8790,B,pid.gyrox.Des,-0.69199717
4.8790,B,pid.gyrox.FB,-8.9419117
4.8790,B,pid.gyrox.U,140.00668
4.8790,B,pid.gyroy.Des,-4.9899359
4.8790,B,pid.gyroy.FB,12.134296
4.8790,B,pid.gyroy.U,-191.35468
4.8790,B,pid.gyroz.Des,-9.606205
4.8790,B,pid.gyroz.FB,-2.0363555
4.8790,B,pid.gyroz.U,-62.512035
4.8790,B,pid.locx.Des,50
4.8790,B,pid.locx.FB,37.840496
4.8790,B,pid.locx.U,11.691623
4.8790,B,pid.locxs.Des,11.691623
4.8790,B,pid.locxs.FB,-0.022123732
4.8790,B,pid.locxs.U,35.226604
4.8790,B,pid.locy.Des,-59.999996
4.8790,B,pid.locy.FB,-42.041763
4.8790,B,pid.locy.U,-16.365791
4.8790,B,pid.locys.Des,-16.365791
4.8790,B,pid.locys.FB,-0.99975526
4.8790,B,pid.locys.U,-40.098537
4.8790,B,pid.pitch.Des,-2.294184
4.8790,B,pid.pitch.FB,-0.51583242
4.8790,B,pid.pitch.U,-4.9899359
4.8790,B,pid.roll.Des,-2.1084204
4.8790,B,pid.roll.FB,-1.8963968
4.8790,B,pid.roll.U,-0.69199717
4.8790,B,pid.yaw.Des,0
4.8790,B,pid.yaw.FB,1.2677008
4.8790,B,pid.yaw.U,-9.606205
4.8790,B,pid.z_pos.Des,0.69999999
4.8790,B,pid.z_pos.FB,0.82951176
4.8790,B,pid.z_pos.U,-0.24065845
4.8790,B,pid.z_rate.Des,-0.24065845
4.8790,B,pid.z_rate.FB,0.026780631
4.8790,B,pid.z_rate.U,-114.4563
5.0801,A,mrac.pitch.e,-0.011805549
5.0801,A,mrac.pitch.u_ad,-0.0066552721
5.0801,A,mrac.roll.e,0.1043819
5.0801,A,mrac.roll.u_ad,0.011268314
5.0801,A,mrac.yaw.e,0.21273434
5.0801,A,mrac.yaw.u_ad,-0.02083382
5.0801,A,mrac.z.e,0.1901038
5.0801,A,mrac.z.u_ad,-0.12186721
5.0801,A,status.arm,1
5.0801,A,status.flymode,1
5.0801,A,status.rc_authority,0
5.0801,A,status.sbus_lost,0
5.0801,A,status.twc_arrived,0
5.0801,A,status.twc_execute,1
5.0802,B,mrac.pitch.theta_0,0.0024669718
5.0802,B,mrac.pitch.theta_1,0.00047694676
5.0802,B,mrac.pitch.theta_2,0.0022182649
5.0802,B,mrac.pitch.theta_3,0.0029373234
5.0802,B,mrac.pitch.theta_4,0.19163199
5.0802,B,mrac.pitch.theta_5,0.14181143
5.0802,B,mrac.pitch.u_nom,-0.163551
5.0802,B,mrac.pitch.xm,-0.08709085
5.0802,B,mrac.roll.theta_0,0.018540557
5.0802,B,mrac.roll.theta_1,2.5265164e-05
5.0802,B,mrac.roll.theta_2,0.0031352467
5.0802,B,mrac.roll.theta_3,0.0027402258
5.0802,B,mrac.roll.theta_4,0.18956718
5.0802,B,mrac.roll.theta_5,0.13134949
5.0802,B,mrac.roll.u_nom,0.11966383
5.0802,B,mrac.roll.xm,-0.012077634
5.0802,B,mrac.yaw.theta_0,4.5760827e-20
5.0802,B,mrac.yaw.theta_1,0.0012375005
5.0802,B,mrac.yaw.theta_2,0.0020627803
5.0802,B,mrac.yaw.theta_3,0
5.0802,B,mrac.yaw.theta_4,0.11301005
5.0802,B,mrac.yaw.theta_5,0.087441877
5.0802,B,mrac.yaw.u_nom,-0.033393182
5.0802,B,mrac.yaw.xm,-0.16765998
5.0802,B,mrac.z.theta_0,1.9138895e-26
5.0802,B,mrac.z.theta_1,0.0087340306
5.0802,B,mrac.z.theta_2,0.00046527121
5.0802,B,mrac.z.theta_3,0
5.0802,B,mrac.z.theta_4,0.1993102
5.0802,B,mrac.z.theta_5,0.19861403
5.0802,B,mrac.z.u_nom,-0.51556891
5.0802,B,mrac.z.xm,-0.24065845
5.0802,B,path.active_path_mode,1
5.0802,B,path.circle_theta,0
5.0802,B,path.sinusoid_t_elapsed,0
5.0802,B,path.twc_arrived,0
5.0802,B,path.twc_target_x,50
5.0802,B,path.twc_target_y,-59.999996
5.0802,B,path.twc_target_z,0.69999999
5.0802,B,pid.gyrox.Des,-0.69199717
5.0802,B,pid.gyrox.FB,-8.9419117
5.0802,B,pid.gyrox.U,140.00668
5.0802,B,pid.gyroy.Des,-4.9899359
5.0802,B,pid.gyroy.FB,12.134296
5.0802,B,pid.gyroy.U,-191.35468
5.0802,B,pid.gyroz.Des,-9.606205
5.0802,B,pid.gyroz.FB,-2.0363555
5.0802,B,pid.gyroz.U,-62.512035
5.0802,B,pid.locx.Des,50
5.0802,B,pid.locx.FB,37.840496
5.0802,B,pid.locx.U,11.691623
5.0802,B,pid.locxs.Des,11.691623
5.0802,B,pid.locxs.FB,-0.022123732
5.0802,B,pid.locxs.U,35.226604
5.0802,B,pid.locy.Des,-59.999996
5.0802,B,pid.locy.FB,-42.041763
5.0802,B,pid.locy.U,-16.365791
5.0802,B,pid.locys.Des,-16.365791
5.0802,B,pid.locys.FB,-0.99975526
5.0802,B,pid.locys.U,-40.098537
5.0802,B,pid.pitch.Des,-2.294184
5.0802,B,pid.pitch.FB,-0.51583242
5.0802,B,pid.pitch.U,-4.9899359
5.0802,B,pid.roll.Des,-2.1084204
5.0802,B,pid.roll.FB,-1.8963968
5.0802,B,pid.roll.U,-0.69199717
5.0802,B,pid.yaw.Des,0
5.0802,B,pid.yaw.FB,1.2677008
5.0802,B,pid.yaw.U,-9.606205
5.0802,B,pid.z_pos.Des,0.69999999
5.0802,B,pid.z_pos.FB,0.82951176
5.0802,B,pid.z_pos.U,-0.24065845
5.0802,B,pid.z_rate.Des,-0.24065845
5.0802,B,pid.z_rate.FB,0.026780631
5.0802,B,pid.z_rate.U,-114.4563
